x,y,z
-26,63,1
-26,60,2
-28,56,-1
-30,59,-4
-32,66,-5
-31,71,-6
-28,70,-5
-26,66,-2
-24,62,-2
-27,61,-1
-26,61,-1
-26,56,-2
-26,55,0
-27,56,0
-27,58,-1
-32,58,-2
-33,57,-1
-36,59,-2
-38,59,2
-36,55,3
-37,52,4
-39,51,5
-35,51,6
-35,52,6
-30,63,5
-28,67,4
-26,64,5
-25,65,5
-24,60,2
-24,61,0
-28,66,1
-26,67,4
-18,63,5
-17,64,7
-18,62,7
-21,63,8
-22,61,10
-22,60,11
-22,57,13
-23,54,14
-23,54,14
-22,58,16
-22,60,16
-23,61,14
-23,58,13
-25,56,13
-24,55,13
-25,54,13
-25,53,12
-25,57,13
-24,58,14
-23,63,16
-23,63,15
-23,63,12
-22,63,9
-25,71,6
-24,76,4
-23,78,4
-23,68,5
-21,62,4
-23,55,2
-25,61,3
-24,70,2
-24,73,1
-24,71,-1
-23,71,0
-20,67,0
-18,64,0
-21,62,1
-22,61,3
-22,58,0
-24,57,1
-26,56,2
-26,55,1
-32,54,4
-32,53,7
-32,52,7
-33,49,6
-34,49,5
-34,52,7
-33,53,7
-26,68,6
-25,76,8
-20,76,7
-21,72,8
-22,64,10
-22,58,10
-21,51,9
-21,52,9
-19,57,9
-19,58,9
-18,60,12
-17,61,10
-22,63,8
-25,61,10
-24,60,11
-24,59,11
-25,59,12
-25,54,16
-24,52,16
-24,53,14
-25,56,12
-24,63,14
-24,62,15
-22,68,16
-21,67,15
-23,71,11
-24,77,11
-19,83,7
-19,82,7
-18,68,4
-18,59,2
-20,59,1
-19,60,2
-19,62,1
-21,62,-2
-24,62,-4
-24,65,-3
-24,66,-3
-21,64,-5
-21,63,-5
-23,60,-6
-23,60,-7
-24,61,-5
-22,61,-5
-24,56,-2
-28,53,-3
-36,54,-3
-40,52,3
-40,51,7
-39,54,7
-38,52,5
-39,50,8
-38,50,7
-34,60,5
-35,66,5
-35,64,6
-36,62,6
-36,53,8
-35,49,8
-38,54,10
-39,56,11
-38,59,13
-37,62,12
-36,59,13
-38,58,11
-39,49,7
-35,44,7
-32,45,8
-30,48,10
-31,49,9
-35,49,9
-36,47,10
-41,45,8
-43,44,8
-43,49,9
-43,52,9
-42,54,6
-44,56,4
-46,61,-2
-46,61,-4
-46,70,-5
-46,74,-5
-41,59,-5
-37,45,-4
-38,49,-4
-35,54,-5
-35,56,-5
-36,55,-3
-33,57,-4
-32,59,-5
-35,57,-4
-39,57,-3
-37,54,-6
-40,51,-4
-40,51,-2
-40,49,-3
-43,48,-2
-46,48,2
-47,47,2
-47,47,5
-46,44,3
-48,45,3
-45,43,3
-44,44,3
-38,51,2
-36,59,2
-32,74,5
-27,68,6
-22,61,4
-25,56,5
-30,46,3
-30,49,2
-30,57,3
-30,64,5
-25,64,6
-23,63,6
-29,60,7
-29,58,8
-30,56,9
-28,56,11
-29,56,10
-29,55,9
-30,55,9
-33,53,9
-31,53,8
-31,57,7
-32,58,8
-32,64,11
-30,65,12
-24,70,10
-26,78,10
-27,78,4
-29,79,5
-30,70,6
-30,62,6
-28,56,7
-29,62,9
-25,69,5
-23,74,1
-21,68,0
-22,62,0
-23,61,0
-20,60,-3
-20,58,-2
-20,53,-1
-20,52,-1
-20,53,0
-20,53,2
-21,57,3
-21,60,3
-23,64,2
-24,63,3
-25,73,3
-26,76,5
-29,72,7
-36,62,16
-34,53,18
-32,58,19
-30,59,19
-29,63,20
-26,65,19
-22,61,19
-25,56,19
-30,49,19
-31,47,18
-31,46,16
-30,47,17
-30,46,14
-33,47,12
-51,51,26
-49,46,25
-49,43,21
-53,44,23
-45,43,30
-42,41,28
-40,40,25
-36,41,33
-28,40,34
-31,43,27
-31,44,28
-28,52,21
-29,60,19
-29,72,12
-32,79,7
-24,73,9
-27,67,12
-33,59,1
-33,56,5
-39,51,19
-43,53,20
-33,55,23
-23,54,10
-27,52,8
-31,56,17
-33,58,13
-34,65,12
-32,68,15
-34,67,19
-31,68,12
-25,85,2
-27,85,4
-23,68,8
-22,64,9
-19,51,10
-18,50,11
-17,57,11
-15,60,13
-13,61,14
-16,55,13
-19,54,13
-23,53,12
-24,53,11
-28,57,11
-26,58,12
-27,55,10
-27,54,9
-28,48,3
-29,45,0
-33,54,2
-30,54,1
-25,63,2
-22,70,3
-21,83,3
-20,85,2
-25,79,2
-25,65,1
-25,56,2
-25,67,3
-20,71,2
-14,72,-3
-15,64,-5
-24,63,-3
-25,64,-3
-28,65,4
-25,64,1
-24,63,4
-30,62,3
-31,58,5
-32,54,7
-26,52,7
-25,54,5
-26,60,4
-26,63,3
-24,65,2
-18,76,-1
-15,86,-5
-19,83,-4
-22,73,-1
-20,50,1
-20,48,4
-20,55,5
-20,59,7
-15,65,11
-10,62,12
-10,53,14
-12,52,14
-18,52,10
-21,53,9
-21,56,11
-20,55,12
-18,56,11
-24,59,10
-31,58,13
-34,56,17
-33,63,15
-30,71,16
-27,74,18
-21,81,15
-23,84,15
-27,75,11
-29,72,12
-29,58,9
-27,60,6
-26,68,3
-24,71,4
-20,84,2
-17,84,0
-16,74,-2
-18,70,-1
-20,66,0
-23,66,2
-23,64,4
-23,60,6
-23,58,10
-29,53,16
-27,53,14
-26,54,15
-26,51,15
-28,49,16
-29,50,15
-24,54,10
-21,57,7
-21,62,6
-21,60,8
-26,55,13
-24,48,14
-19,49,11
-21,54,12
-22,61,15
-23,65,17
-21,64,17
-20,65,18
-23,66,19
-26,62,22
-25,60,20
-26,62,22
-27,61,20
-29,62,25
-29,62,28
-28,58,29
-29,58,28
-30,59,24
-29,61,22
-28,63,20
-26,64,19
-25,73,17
-26,73,13
-27,76,9
-28,57,6
-26,54,2
-30,66,-5
-33,74,-6
-27,94,-3
-20,93,-5
-10,83,-3
-11,79,-1
-17,76,2
-20,72,3
-22,66,5
-19,60,7
-20,52,12
-20,49,14
-17,42,16
-16,42,17
-17,47,17
-22,50,14
-23,52,13
-25,58,11
-21,64,8
-17,81,7
-19,79,11
-21,61,15
-21,56,16
-18,58,14
-19,62,11
-25,69,11
-25,73,11
-22,77,13
-20,70,13
-19,60,13
-22,58,13
-27,60,11
-26,61,10
-25,59,8
-28,59,13
-28,59,16
-30,54,17
-31,54,16
-33,61,18
-32,64,18
-27,66,15
-25,70,14
-26,77,12
-25,73,7
-26,72,6
-28,63,7
-26,50,2
-28,58,-1
-32,72,-5
-31,83,-3
-22,93,-5
-9,81,-2
-11,75,1
-18,72,5
-20,72,5
-18,68,5
-15,62,7
-11,55,7
-11,54,9
-11,50,10
-10,47,9
-12,53,9
-14,56,8
-15,57,7
-17,57,7
-17,65,8
-14,73,5
-16,88,6
-19,79,9
-22,74,13
-21,50,16
-21,50,11
-26,66,13
-24,70,16
-18,74,11
-19,75,12
-23,67,16
-24,62,14
-26,51,15
-24,49,17
-22,50,12
-23,51,12
-27,57,14
-26,57,16
-26,55,15
-29,54,16
-31,53,13
-30,59,9
-28,63,7
-27,83,9
-25,84,8
-23,86,6
-24,78,6
-22,66,5
-22,68,5
-17,85,7
-12,87,4
-7,86,3
-7,79,4
-12,71,5
-12,65,3
-16,56,5
-17,53,6
-18,52,6
-17,48,7
-18,47,9
-19,45,7
-19,47,6
-23,57,6
-25,62,6
-20,76,2
-21,82,3
-25,70,2
-26,70,2
-30,68,4
-31,66,5
-29,63,8
-26,65,9
-21,66,8
-23,66,9
-26,61,12
-26,55,12
-27,54,13
-24,53,14
-24,52,14
-26,55,17
-25,55,17
-26,53,17
-26,51,17
-25,51,16
-24,50,14
-26,52,15
-24,54,14
-24,57,14
-24,57,11
-23,63,9
-26,68,9
-23,78,7
-22,86,7
-19,83,9
-21,63,4
-22,57,5
-24,63,4
-23,66,4
-22,71,2
-20,73,2
-16,74,1
-16,73,1
-17,65,-1
-18,61,0
-22,55,0
-22,52,0
-22,51,1
-25,52,2
-24,51,2
-25,52,2
-27,58,2
-27,59,1
-27,60,1
-25,63,2
-23,70,1
-23,79,2
-22,75,3
-25,73,7
-26,67,9
-21,57,10
-20,57,10
-20,59,12
-19,60,10
-20,62,14
-21,60,13
-22,57,13
-23,55,13
-21,54,14
-22,55,14
-24,58,14
-27,55,15
-26,53,15
-26,48,13
-26,48,14
-29,49,14
-29,51,14
-28,55,14
-28,58,13
-28,67,8
-30,76,9
-26,87,9
-23,93,6
-22,78,3
-25,65,2
-24,44,-1
-25,54,0
-24,63,-1
-21,67,-3
-18,68,-2
-15,67,-5
-17,68,-5
-21,67,-5
-22,65,-5
-22,62,-6
-20,62,-4
-23,61,-1
-25,59,-1
-29,56,3
-29,55,3
-26,56,5
-25,57,5
-26,55,3
-26,56,2
-26,61,4
-23,68,4
-18,78,2
-20,67,4
-22,62,3
-25,54,6
-25,53,9
-22,56,7
-23,60,6
-24,69,7
-27,69,7
-28,62,7
-28,60,8
-32,56,11
-32,55,9
-28,53,9
-27,51,11
-25,52,8
-27,51,7
-28,54,8
-41,62,-1
-41,66,-4
-36,73,-1
-31,76,-2
-31,75,-5
-32,72,-4
-29,58,-7
-27,53,-9
-29,58,-10
-29,62,-10
-26,64,-11
-26,61,-12
-26,60,-8
-25,61,-7
-28,56,-9
-29,54,-9
-26,52,-7
-26,52,-6
-27,55,-4
-31,56,-6
-32,57,-4
-32,62,-2
-29,62,-2
-29,63,1
-27,65,1
-24,84,-1
-25,86,1
-20,75,5
-20,70,8
-24,52,10
-25,49,10
-27,51,12
-24,52,13
-19,53,11
-20,54,10
-25,56,10
-28,55,7
-31,55,8
-29,54,10
-27,55,10
-26,56,10
-28,55,10
-29,52,10
-30,52,10
-32,52,11
-32,52,12
-32,56,11
-32,59,10
-30,64,3
-30,70,2
-29,76,3
-26,76,0
-26,77,-1
-28,67,-1
-26,48,-3
-30,62,-4
-31,67,-3
-27,71,-3
-24,68,-3
-19,67,-2
-19,68,-2
-20,67,-4
-21,65,-3
-19,61,-4
-19,60,-3
-22,57,-3
-23,57,-3
-24,59,-1
-24,60,-1
-23,60,-2
-24,61,-2
-24,60,0
-23,63,0
-21,70,0
-19,81,0
-20,78,3
-20,68,5
-21,60,7
-23,53,11
-24,52,10
-24,57,9
-23,60,10
-20,65,11
-20,65,12
-25,60,11
-26,59,12
-25,54,11
-23,54,12
-24,57,12
-24,57,13
-22,56,13
-24,53,14
-25,52,14
-26,51,11
-27,53,11
-25,59,10
-24,62,9
-22,64,8
-21,65,6
-22,77,4
-21,80,2
-20,85,2
-20,77,2
-22,58,-2
-22,60,-2
-26,69,-4
-22,72,-3
-15,76,-1
-11,67,1
-14,63,0
-19,59,-2
-20,57,-3
-21,57,-1
-21,56,-1
-20,55,-1
-20,54,0
-22,56,1
-23,59,1
-24,61,0
-24,63,-1
-23,65,0
-23,71,0
-21,78,2
-20,72,3
-23,68,6
-25,64,8
-24,59,13
-19,59,12
-18,63,12
-17,66,11
-18,65,10
-22,60,12
-23,57,11
-24,52,11
-25,51,12
-24,52,13
-24,55,13
-27,57,13
-31,56,12
-34,51,10
-34,50,10
-31,50,10
-33,50,9
-35,56,11
-35,56,10
-34,57,10
-32,58,8
-32,62,6
-33,71,3
-35,73,4
-36,61,1
-34,55,-1
-32,65,1
-29,70,1
-23,77,0
-21,73,1
-15,65,2
-13,59,1
-20,54,1
-22,55,1
-19,54,0
-19,53,1
-22,57,4
-24,56,3
-26,57,5
-28,67,3
-27,68,3
-25,69,4
-22,75,1
-24,88,1
-23,74,3
-22,58,2
-24,59,3
-28,64,7
-24,61,8
-18,60,10
-14,59,10
-16,57,11
-19,56,11
-18,55,12
-19,56,13
-21,55,13
-23,56,15
-24,57,16
-23,59,19
-22,57,18
-23,52,14
-23,50,13
-27,51,13
-27,50,13
-27,55,13
-26,58,13
-27,59,11
-28,60,11
-26,72,13
-24,78,13
-23,85,11
-24,84,10
-26,64,8
-26,57,7
-26,61,7
-23,73,7
-19,74,4
-19,71,4
-19,69,4
-21,66,2
-22,66,4
-20,63,5
-19,60,4
-16,54,4
-18,54,4
-20,51,3
-20,53,3
-19,58,3
-21,62,2
-23,65,4
-17,72,-1
-17,81,-1
-20,74,4
-20,67,4
-24,62,13
-24,59,15
-21,55,14
-18,58,16
-16,66,15
-17,69,13
-21,67,14
-23,65,14
-21,58,15
-20,56,15
-19,53,15
-19,53,17
-21,55,17
-20,54,17
-21,53,17
-22,52,17
-23,51,17
-23,50,17
-23,52,18
-23,55,18
-24,60,19
-24,62,16
-24,69,15
-26,76,13
-26,77,12
-26,79,11
-27,72,12
-27,56,10
-26,49,8
-28,57,9
-27,65,9
-23,78,5
-19,79,3
-19,78,3
-21,73,1
-23,69,1
-24,64,2
-24,62,3
-21,56,4
-19,53,5
-19,50,6
-19,50,7
-18,55,6
-18,60,6
-18,66,6
-17,65,5
-14,73,0
-15,78,-1
-18,70,3
-22,61,9
-24,51,15
-21,48,13
-22,55,14
-20,67,15
-18,70,15
-19,73,17
-19,69,17
-22,63,13
-26,61,13
-25,58,14
-24,56,13
-26,60,16
-25,58,17
-26,56,21
-26,54,22
-27,56,20
-27,61,21
-25,63,19
-20,64,14
-20,69,12
-23,73,7
-22,72,5
-28,65,5
-29,57,4
-27,60,-1
-27,67,-2
-26,78,-2
-25,81,-2
-19,80,-3
-19,76,-4
-19,69,1
-20,67,1
-24,68,-3
-24,68,-2
-24,62,0
-21,53,5
-20,48,8
-22,47,13
-21,45,12
-21,51,11
-22,52,12
-23,55,12
-22,58,11
-19,68,7
-20,69,7
-20,73,11
-18,73,10
-21,64,11
-25,58,14
-27,54,11
-25,62,10
-21,73,9
-21,77,10
-20,75,13
-25,64,12
-26,60,11
-24,54,9
-24,53,10
-22,52,12
-23,53,13
-24,47,15
-25,46,15
-30,55,20
-31,60,21
-28,71,20
-24,73,17
-25,83,13
-28,81,11
-28,83,11
-27,75,10
-26,51,8
-26,47,5
-28,60,2
-27,78,3
-24,85,2
-13,82,-1
-11,78,-1
-13,72,-2
-15,69,-2
-18,64,-2
-18,62,-1
-14,57,1
-14,55,1
-14,51,5
-14,51,5
-14,56,5
-13,58,6
-15,60,8
-17,60,9
-14,69,7
-15,76,7
-17,75,8
-21,72,11
-24,70,17
-19,54,16
-19,51,12
-25,70,19
-22,73,18
-21,73,15
-23,72,15
-25,62,15
-23,57,13
-22,54,10
-23,55,14
-19,54,10
-20,55,10
-26,55,14
-26,54,15
-27,52,15
-28,55,14
-27,56,15
-22,61,11
-20,63,10
-24,78,9
-24,85,12
-24,81,13
-24,68,12
-25,59,8
-25,67,7
-17,83,6
-15,84,8
-9,71,6
-10,67,5
-16,65,8
-15,63,7
-12,56,6
-13,55,8
-15,56,7
-17,54,7
-17,53,8
-19,54,6
-20,57,5
-21,59,3
-22,60,2
-24,62,1
-23,70,-1
-24,86,0
-24,78,2
-24,68,6
-25,64,7
-27,60,9
-26,57,11
-21,62,11
-19,65,11
-20,64,13
-20,59,13
-21,58,13
-23,57,15
-22,55,15
-23,56,16
-24,56,16
-22,56,17
-21,56,17
-21,55,14
-22,55,13
-22,54,13
-22,52,13
-24,55,15
-23,57,15
-23,61,17
-23,63,17
-23,67,12
-25,80,10
-24,82,9
-22,81,9
-22,71,7
-23,53,6
-24,57,6
-25,70,6
-23,76,5
-16,80,3
-15,78,3
-17,72,3
-19,68,1
-20,60,2
-20,58,3
-20,53,4
-20,51,4
-20,50,6
-20,51,5
-19,54,5
-19,61,3
-18,64,2
-18,68,3
-15,77,-1
-17,89,-2
-19,80,0
-26,70,9
-26,60,16
-20,47,14
-17,51,12
-16,59,13
-16,62,14
-18,61,13
-18,60,12
-22,60,13
-23,57,12
-24,57,13
-24,60,15
-23,61,14
-23,61,13
-24,60,14
-24,57,14
-25,54,14
-25,58,15
-24,58,16
-22,63,17
-21,65,15
-22,78,9
-23,79,8
-25,77,8
-24,72,7
-22,61,5
-21,57,4
-25,66,4
-22,72,0
-21,74,-1
-19,76,-3
-18,74,-4
-19,71,-3
-18,69,-3
-20,64,-1
-20,62,1
-19,55,0
-20,57,2
-21,57,8
-22,54,7
-22,56,8
-21,56,8
-20,57,7
-21,58,7
-19,63,5
-18,77,5
-19,75,6
-22,67,10
-23,61,12
-22,50,15
-20,48,13
-21,63,13
-21,66,13
-20,70,11
-22,70,12
-25,65,13
-26,63,12
-25,62,16
-24,57,15
-24,56,15
-25,57,15
-26,56,18
-26,56,19
-24,57,22
-27,60,24
-26,61,25
-24,57,22
-25,58,21
-28,57,16
-27,54,13
-23,76,18
-20,85,17
-13,84,11
-17,83,9
-22,64,5
-24,60,4
-25,64,0
-21,68,0
-22,76,-2
-24,80,-2
-19,72,-2
-18,67,-3
-21,59,-1
-28,55,2
-27,50,3
-27,47,5
-28,49,6
-31,45,8
-32,46,10
-32,46,13
-31,48,14
-26,50,13
-26,51,13
-26,52,12
-24,55,9
-19,77,10
-19,88,9
-17,77,7
-21,69,9
-28,56,14
-23,59,8
-23,67,7
-21,75,10
-18,69,7
-20,68,7
-21,64,9
-25,58,7
-26,56,6
-22,54,10
-22,55,11
-23,54,14
-25,53,16
-26,52,19
-27,56,20
-27,62,21
-26,66,21
-23,65,19
-23,66,17
-25,75,13
-24,75,10
-24,74,9
-25,63,8
-25,53,6
-25,53,2
-26,61,0
-27,76,0
-26,84,-3
-20,85,-3
-15,77,-4
-14,65,-2
-16,65,-1
-20,65,0
-19,63,0
-16,55,2
-14,54,3
-11,54,4
-12,53,6
-13,55,7
-14,61,7
-16,64,8
-19,65,11
-15,68,9
-12,87,6
-16,87,8
-20,74,14
-24,69,18
-23,54,21
-22,52,20
-22,64,17
-21,69,17
-19,70,18
-20,67,17
-23,60,18
-24,57,18
-24,56,18
-22,57,17
-23,56,17
-24,54,19
-24,53,20
-23,51,21
-23,49,20
-25,49,18
-25,50,19
-23,51,18
-23,54,17
-23,57,15
-22,56,12
-24,74,10
-26,78,10
-24,81,9
-26,75,11
-24,60,10
-23,71,6
-25,81,7
-18,82,6
-14,82,5
-13,77,6
-14,72,7
-16,62,4
-18,58,5
-17,53,7
-17,50,7
-19,48,6
-21,47,7
-25,45,6
-26,44,7
-27,48,10
-27,56,7
-26,59,7
-29,65,7
-28,66,7
-25,79,-2
-26,88,-2
-28,85,4
-27,77,6
-27,57,7
-26,51,9
-26,62,4
-26,67,4
-19,74,8
-17,72,8
-20,63,11
-22,60,13
-22,55,12
-21,55,13
-18,54,16
-18,54,15
-22,51,14
-24,50,16
-23,48,13
-23,47,13
-25,49,13
-27,51,10
-27,53,8
-28,57,6
-30,59,6
-28,68,5
-29,72,4
-30,75,4
-30,70,4
-30,63,4
-27,67,3
-20,80,2
-17,85,2
-14,80,3
-14,70,3
-15,69,7
-14,65,3
-15,62,5
-19,60,9
-21,60,9
-25,58,13
-25,56,14
-25,49,15
-27,45,13
-29,47,12
-29,49,10
-24,56,5
-22,61,3
-23,69,-2
-20,76,-5
-21,94,-6
-23,84,-6
-24,67,-4
-28,57,4
-26,52,7
-19,56,7
-15,60,8
-12,62,10
-13,62,13
-20,59,16
-20,57,16
-22,55,19
-24,55,19
-24,54,19
-22,54,19
-19,50,17
-22,47,17
-24,53,17
-25,55,15
-26,65,10
-26,79,8
-26,84,10
-24,72,6
-26,72,6
-31,62,8
-29,57,6
-28,60,2
-29,67,4
-25,84,5
-20,86,3
-15,76,3
-14,71,2
-19,73,3
-22,74,3
-20,70,2
-18,65,3
-16,59,6
-16,57,7
-16,52,10
-13,57,10
-13,59,9
-14,59,8
-17,60,6
-19,63,5
-17,67,5
-13,74,2
-15,74,2
-20,67,9
-20,58,11
-16,45,9
-16,49,9
-21,60,9
-23,65,9
-23,70,12
-24,70,15
-24,63,14
-26,61,13
-28,62,20
-24,62,13
-26,63,13
-26,62,17
-26,59,18
-28,53,19
-29,52,18
-32,57,19
-32,63,21
-27,67,20
-24,68,19
-21,70,15
-21,72,13
-20,71,10
-22,71,7
-26,65,6
-27,55,6
-21,57,4
-26,68,-1
-30,74,-4
-31,80,-6
-26,78,-5
-16,69,-1
-16,67,3
-21,65,5
-22,64,5
-21,58,8
-22,55,10
-17,51,10
-15,50,12
-14,47,13
-13,52,13
-16,60,9
-20,61,8
-20,62,8
-17,69,6
-16,78,4
-19,78,8
-23,71,11
-21,47,16
-22,51,15
-26,61,16
-24,66,18
-21,75,17
-20,71,19
-20,58,21
-21,56,18
-25,55,17
-26,55,16
-25,58,11
-26,59,12
-25,59,18
-26,57,19
-26,52,20
-26,55,20
-25,57,19
-23,66,18
-21,71,18
-16,73,15
-18,77,14
-23,75,8
-23,71,9
-23,51,5
-23,46,6
-26,55,1
-29,63,-1
-32,77,-5
-31,81,-4
-19,77,-3
-14,69,-3
-25,64,2
-25,63,3
-22,64,4
-18,60,7
-17,58,8
-15,58,9
-15,58,10
-14,60,11
-15,64,10
-15,69,9
-17,68,9
-15,71,7
-14,77,6
-14,72,8
-15,67,11
-18,62,14
-18,57,14
-20,50,19
-20,47,14
-19,61,12
-19,70,16
-19,67,13
-22,64,12
-25,61,13
-24,57,14
-22,56,14
-25,57,12
-27,57,9
-32,56,9
-31,54,12
-27,44,13
-26,44,13
-28,52,13
-26,52,9
-24,64,4
-24,79,6
-24,88,6
-24,83,5
-25,74,5
-21,55,6
-21,58,4
-23,71,6
-21,77,5
-17,77,1
-15,73,0
-17,68,2
-16,67,4
-16,61,1
-16,58,1
-15,58,5
-15,56,2
-15,55,1
-18,55,3
-18,56,0
-17,60,-2
-18,65,-2
-19,64,-1
-20,63,-2
-20,68,-4
-20,77,-5
-20,86,-1
-20,81,1
-21,64,4
-22,55,8
-23,54,8
-24,56,7
-25,63,10
-22,66,12
-18,65,14
-19,62,16
-23,56,15
-21,54,15
-19,54,15
-19,54,13
-20,55,12
-21,55,11
-22,55,12
-20,53,11
-21,52,11
-21,49,11
-22,52,11
-22,55,11
-22,58,9
-21,70,4
-22,78,2
-24,85,3
-23,85,3
-16,69,8
-12,52,0
-26,53,-1
-47,75,0
-37,79,-2
-19,67,-3
-12,65,-1
-8,75,10
-9,77,9
-18,74,3
-21,71,5
-19,61,3
-19,56,5
-20,48,8
-21,48,8
-20,53,8
-18,57,7
-17,66,4
-17,66,3
-19,68,1
-18,75,-4
-21,84,-7
-19,71,-2
-20,67,-3
-28,58,7
-27,54,10
-24,53,11
-16,53,11
-8,59,11
-10,62,12
-19,70,15
-22,67,15
-20,61,16
-20,58,18
-18,53,20
-16,51,20
-16,54,20
-17,55,19
-20,55,19
-21,53,19
-22,52,18
-24,57,18
-24,59,18
-21,65,16
-19,70,14
-23,75,13
-23,73,11
-25,73,9
-25,66,8
-26,52,5
-27,53,3
-29,64,-1
-32,73,1
-26,88,-2
-21,89,-3
-15,77,1
-13,70,2
-19,68,4
-20,69,3
-17,64,3
-14,58,5
-14,58,5
-14,52,7
-14,50,8
-14,54,8
-15,57,8
-15,60,7
-17,58,6
-17,65,4
-16,73,2
-17,79,6
-18,75,7
-23,68,10
-24,60,14
-22,50,12
-22,56,11
-22,67,12
-21,72,10
-20,70,12
-23,65,12
-24,60,12
-23,54,13
-22,53,12
-22,58,9
-23,60,11
-21,59,12
-22,59,14
-23,57,15
-24,58,14
-26,59,14
-25,61,15
-21,67,16
-19,67,14
-19,71,9
-22,75,6
-21,77,5
-23,70,3
-24,64,2
-23,49,-1
-23,53,-1
-23,68,2
-21,75,0
-19,83,-2
-17,78,-3
-12,70,-2
-11,68,0
-14,65,-2
-15,63,-1
-19,61,0
-17,60,0
-16,57,0
-15,55,2
-16,52,3
-18,54,5
-18,55,4
-19,57,3
-21,59,5
-22,63,4
-19,69,2
-17,83,-1
-20,83,0
-21,72,7
-21,64,10
-17,53,7
-20,56,4
-27,63,4
-28,69,5
-22,66,11
-18,67,10
-20,66,9
-26,62,8
-30,59,10
-22,57,9
-20,60,9
-21,60,7
-22,58,6
-24,58,6
-22,57,6
-19,61,5
-19,60,5
-19,65,7
-19,66,6
-20,66,6
-19,69,5
-18,80,3
-19,82,2
-22,81,2
-24,62,0
-23,51,-1
-27,57,-2
-30,63,-1
-27,73,0
-25,75,-2
-19,69,-1
-19,65,0
-19,58,0
-21,57,-2
-23,56,-4
-23,55,-3
-20,54,-2
-19,56,-1
-19,61,1
-18,63,0
-15,65,0
-13,66,1
-11,76,-2
-14,75,-1
-16,66,0
-24,60,5
-25,57,11
-24,52,15
-23,51,15
-17,56,17
-15,61,15
-20,73,14
-21,73,15
-25,65,15
-24,59,15
-22,55,13
-23,56,13
-21,57,13
-21,58,14
-22,58,15
-24,56,14
-26,54,14
-26,50,10
-26,53,12
-22,58,11
-22,61,10
-22,74,7
-21,81,6
-22,81,1
-23,81,1
-21,66,0
-22,58,-2
-21,64,-2
-19,68,-4
-20,72,-5
-21,73,-4
-20,70,-5
-19,71,-4
-17,67,-4
-19,63,-2
-19,61,3
-20,58,-1
-24,58,-1
-27,57,0
-28,55,-1
-30,55,-1
-31,57,-2
-32,57,-1
-33,57,1
-31,54,1
-31,59,2
-32,70,1
-34,69,5
-35,67,9
-36,62,12
-33,48,16
-31,48,13
-30,55,11
-24,61,12
-25,61,8
-26,57,13
-26,53,13
-30,48,8
-34,49,10
-31,53,11
-29,54,11
-30,55,13
-30,54,15
-30,52,15
-31,52,15
-28,52,16
-29,52,15
-32,52,16
-30,54,16
-26,57,14
-27,55,12
-27,64,13
-25,69,11
-25,71,11
-26,80,15
-25,71,16
-24,54,24
-22,59,24
-15,65,22
-11,70,19
-23,77,9
-24,69,8
-25,59,-1
-26,59,0
-23,54,2
-21,52,1
-27,57,9
-27,59,9
-32,57,13
-35,57,13
-40,57,8
-36,59,11
-39,60,8
-35,60,11
-31,59,14
-28,58,14
-28,68,11
-26,87,13
-23,76,15
-21,66,20
-23,59,23
-21,42,26
-23,42,26
-18,57,22
-14,60,24
-7,55,26
-9,53,29
-11,52,29
-13,54,21
-16,56,17
-21,62,15
-22,64,13
-26,66,13
-27,65,16
-26,60,15
-26,56,14
-26,57,9
-27,59,8
-29,60,10
-29,63,12
-26,75,15
-27,79,15
-29,79,13
-31,77,16
-32,66,17
-29,48,11
-27,50,9
-29,62,8
-27,72,9
-17,82,6
-15,82,4
-18,79,3
-20,77,2
-21,71,2
-21,69,2
-19,64,2
-16,61,3
-14,56,7
-15,57,8
-14,56,8
-12,58,8
-12,57,7
-14,55,5
-13,60,3
-14,69,7
-15,65,9
-18,68,17
-18,66,19
-19,54,25
-17,50,23
-21,63,20
-21,70,19
-21,76,13
-23,73,12
-24,67,19
-23,63,18
-23,58,13
-24,59,14
-26,63,13
-24,63,18
-24,58,20
-26,51,22
-26,49,22
-27,49,20
-26,54,20
-23,61,19
-21,65,17
-22,78,12
-25,80,10
-27,77,7
-29,69,8
-28,46,5
-27,46,2
-30,63,-1
-29,74,-1
-24,85,-2
-20,86,-3
-15,78,-2
-19,70,1
-21,70,2
-19,69,3
-17,66,4
-14,59,6
-14,59,6
-13,56,9
-11,54,11
-9,57,12
-10,58,11
-14,57,11
-15,59,11
-13,69,9
-12,74,9
-16,76,12
-19,73,13
-22,62,18
-20,50,16
-20,56,14
-20,69,12
-20,75,12
-21,73,13
-22,67,15
-23,57,14
-23,56,14
-23,56,13
-24,57,12
-23,60,13
-24,59,14
-24,52,18
-25,49,19
-27,51,18
-27,53,17
-25,62,16
-24,64,15
-22,70,11
-25,82,8
-24,83,7
-26,77,7
-26,65,7
-25,47,4
-26,52,1
-31,71,2
-27,80,3
-15,83,0
-12,79,0
-14,70,1
-17,71,-1
-17,68,1
-16,66,0
-11,58,1
-11,55,3
-13,56,2
-15,57,4
-15,54,4
-18,57,4
-19,59,4
-18,58,4
-19,57,6
-20,63,8
-19,71,3
-22,87,5
-24,83,8
-24,73,9
-23,60,9
-24,54,14
-27,62,12
-27,68,8
-26,69,6
-24,70,19
-20,62,16
-23,55,11
-29,52,8
-29,53,9
-23,59,11
-22,61,12
-20,59,14
-22,56,14
-24,52,13
-23,53,13
-20,55,12
-20,60,11
-18,64,11
-16,64,9
-15,75,7
-16,79,6
-18,81,6
-21,81,7
-20,58,4
-20,63,6
-18,78,4
-14,76,4
-14,70,6
-12,64,3
-14,61,1
-19,57,7
-17,56,7
-15,53,5
-16,53,7
-16,54,6
-17,53,5
-19,56,4
-19,60,2
-20,67,2
-20,69,0
-18,84,0
-20,74,2
-21,70,1
-29,69,7
-28,65,8
-21,61,12
-18,62,11
-15,67,12
-16,67,12
-17,62,13
-17,59,14
-17,52,16
-17,50,16
-19,49,17
-21,50,21
-20,53,16
-20,53,12
-25,57,20
-24,56,17
-23,52,14
-27,50,16
-26,50,15
-25,51,13
-25,54,10
-28,52,6
-28,54,9
-26,64,6
-26,73,7
-31,79,10
-31,69,8
-34,77,6
-32,87,6
-21,88,1
-14,87,1
-10,88,1
-9,86,0
-14,77,0
-16,73,4
-13,63,7
-11,56,7
-13,52,7
-21,48,7
-27,46,8
-34,39,8
-38,37,9
-46,43,6
-47,45,5
-46,49,5
-45,48,5
-41,48,5
-37,52,3
-32,62,-2
-32,62,0
-32,68,8
-28,64,7
-28,64,7
-26,63,6
-24,64,7
-18,63,8
-18,63,7
-23,59,8
-24,57,10
-23,53,11
-22,50,10
-22,50,8
-24,51,6
-30,60,10
-27,61,9
-25,60,8
-25,58,10
-28,57,12
-27,58,12
-26,64,10
-20,66,11
-19,69,9
-25,81,8
-29,83,8
-30,76,11
-28,60,9
-26,49,4
-27,56,4
-28,72,3
-26,82,4
-20,87,3
-16,85,2
-17,74,0
-18,72,0
-16,70,1
-16,66,-1
-17,61,1
-17,58,1
-16,57,1
-15,54,2
-15,56,1
-15,58,-1
-15,59,0
-15,61,0
-14,68,0
-17,70,2
-20,67,6
-26,62,18
-25,58,24
-14,46,16
-16,55,15
-20,67,17
-20,70,14
-20,72,13
-19,69,13
-23,60,19
-23,56,14
-21,57,12
-22,63,15
-23,64,15
-25,62,14
-26,60,15
-28,58,15
-28,59,15
-29,61,17
-29,61,17
-27,66,16
-27,64,14
-27,74,12
-28,78,10
-27,79,7
-28,73,4
-29,57,1
-30,54,0
-27,70,6
-20,85,5
-15,97,5
-16,86,-1
-18,77,-2
-25,70,-2
-27,68,-4
-25,61,-3
-21,57,-1
-16,49,1
-14,47,0
-16,45,4
-16,44,6
-14,47,7
-14,50,7
-15,57,9
-16,56,8
-15,65,4
-16,77,4
-18,81,8
-23,73,16
-26,63,21
-19,52,12
-21,63,12
-21,77,17
-20,78,16
-18,73,15
-19,74,18
-20,66,14
-21,62,11
-28,57,9
-25,57,11
-22,59,13
-22,60,15
-22,58,17
-23,57,16
-29,60,18
-28,62,18
-27,63,17
-24,62,15
-23,67,13
-22,83,13
-21,80,9
-21,75,10
-22,68,10
-21,43,7
-21,40,3
-25,60,-1
-29,73,-3
-28,87,-2
-23,85,-6
-15,72,-4
-16,67,-1
-23,68,2
-24,71,3
-18,65,2
-16,58,6
-15,58,7
-13,57,6
-14,56,8
-14,54,9
-13,57,8
-15,59,10
-16,59,12
-13,61,11
-11,67,10
-14,81,12
-15,79,13
-19,68,17
-21,59,20
-21,57,17
-23,62,17
-21,69,17
-21,79,19
-22,73,22
-25,62,22
-26,61,23
-26,57,22
-23,59,20
-25,60,17
-27,59,18
-29,55,22
-28,55,23
-24,51,20
-24,51,18
-24,50,17
-24,48,17
-22,51,15
-22,53,14
-22,53,13
-19,58,6
-21,68,5
-26,81,5
-27,81,5
-30,60,1
-33,64,-1
-32,93,4
-22,95,0
-8,94,3
-6,92,7
-1,85,9
-4,79,9
-15,68,10
-17,62,9
-17,53,10
-16,51,11
-18,45,9
-21,42,10
-27,37,10
-29,38,9
-32,41,9
-35,48,5
-37,52,3
-38,57,4
-37,60,5
-29,77,-1
-29,87,0
-32,81,4
-30,74,7
-32,57,7
-31,52,7
-36,58,6
-36,61,7
-30,64,10
-29,62,11
-29,55,9
-35,51,8
-36,50,11
-31,51,12
-30,53,11
-25,56,13
-25,55,14
-24,53,15
-22,50,15
-21,53,11
-22,53,10
-19,58,11
-18,62,12
-12,80,7
-13,88,5
-19,82,3
-24,73,5
-29,56,3
-29,62,2
-26,71,0
-18,74,0
-14,68,0
-20,60,3
-24,59,4
-26,59,1
-23,58,-1
-19,57,-2
-19,57,-1
-22,59,8
-19,59,7
-16,64,8
-16,68,9
-15,66,4
-18,66,3
-18,72,2
-15,80,-1
-18,84,2
-18,68,4
-20,64,5
-19,53,7
-18,52,5
-19,61,9
-17,64,10
-12,63,9
-14,60,11
-19,54,10
-19,53,10
-21,53,14
-20,56,14
-19,58,13
-21,58,15
-22,56,17
-22,55,18
-21,52,16
-21,51,15
-22,53,16
-22,57,15
-21,61,15
-23,68,11
-24,74,12
-24,81,13
-24,82,12
-26,73,12
-28,61,10
-29,51,10
-28,59,11
-23,71,8
-22,76,7
-20,80,5
-16,75,4
-16,72,4
-17,70,5
-18,65,5
-20,64,7
-17,58,10
-16,55,10
-16,51,7
-28,44,16
-29,53,21
-21,63,14
-20,67,12
-23,66,15
-23,67,13
-16,77,4
-16,79,2
-20,65,10
-20,58,16
-18,44,16
-13,43,15
-10,48,14
-11,50,15
-11,58,16
-15,66,17
-17,64,15
-22,63,10
-30,65,15
-28,68,24
-25,68,23
-20,68,20
-20,67,20
-23,56,19
-24,53,19
-26,58,17
-27,59,14
-30,60,11
-30,61,10
-30,70,9
-31,74,10
-30,75,7
-32,68,11
-31,55,10
-32,59,3
-34,66,0
-30,84,-5
-26,92,-2
-16,89,0
-12,83,2
-16,73,1
-18,74,3
-19,74,1
-17,70,2
-14,63,5
-14,61,6
-17,54,9
-16,53,11
-16,53,13
-15,54,15
-13,54,18
-14,54,18
-15,55,16
-14,66,9
-15,69,8
-16,73,13
-16,73,14
-20,60,16
-21,51,18
-20,58,14
-22,66,14
-21,72,17
-21,73,16
-24,71,19
-25,67,20
-25,63,17
-25,61,18
-23,57,19
-24,55,17
-26,56,18
-28,54,19
-28,51,22
-31,50,21
-32,55,21
-31,60,21
-28,62,20
-25,60,16
-23,61,14
-22,69,10
-23,69,6
-26,74,4
-29,70,4
-27,58,5
-26,61,1
-28,77,-1
-27,84,-2
-20,90,2
-11,80,5
-11,76,8
-17,71,10
-17,67,11
-13,58,13
-13,53,15
-10,47,16
-10,46,17
-14,46,18
-15,48,18
-15,56,15
-16,62,15
-19,64,14
-18,67,11
-18,82,7
-20,83,8
-22,77,12
-22,68,14
-23,61,15
-23,48,10
-23,53,8
-24,65,9
-21,65,8
-23,64,9
-25,63,12
-26,56,13
-27,54,15
-27,52,17
-27,54,17
-27,57,18
-29,58,19
-27,54,21
-28,50,21
-27,49,19
-27,62,19
-25,63,18
-21,67,15
-21,72,13
-26,73,11
-26,71,9
-31,70,11
-27,62,12
-24,69,8
-27,74,7
-25,81,8
-22,82,8
-16,71,8
-16,68,10
-19,63,9
-20,60,8
-16,55,9
-14,52,10
-13,49,8
-18,50,8
-17,48,7
-15,55,4
-15,61,4
-18,62,5
-17,60,4
-16,79,-1
-19,86,1
-23,78,7
-26,74,10
-25,59,17
-22,54,15
-24,59,10
-24,67,11
-22,75,14
-21,75,14
-21,67,16
-21,61,15
-23,54,13
-21,54,14
-21,54,14
-19,50,15
-19,50,14
-22,49,14
-23,49,14
-23,47,12
-23,49,13
-25,55,12
-25,58,13
-22,61,10
-22,67,8
-27,85,10
-28,85,7
-30,89,8
-27,79,11
-23,53,7
-27,60,6
-28,67,5
-22,77,3
-20,76,2
-13,78,3
-9,76,2
-10,67,1
-13,66,3
-16,61,1
-16,60,2
-17,60,4
-16,58,3
-24,53,8
-26,52,9
-27,52,5
-26,53,6
-26,52,11
-25,53,9
-24,59,6
-23,66,-1
-20,75,-6
-21,83,0
-21,71,3
-17,57,5
-17,51,3
-18,59,2
-19,61,4
-16,67,4
-16,66,4
-19,66,9
-20,63,7
-25,62,9
-28,61,12
-23,58,9
-22,61,8
-24,67,14
-23,65,13
-25,63,14
-24,58,16
-24,56,15
-24,56,12
-24,57,11
-22,59,8
-19,60,4
-20,78,2
-21,79,-1
-23,84,-4
-23,80,-6
-21,58,-13
-20,62,-14
-15,71,-12
-13,73,-12
-14,71,-14
-12,64,-14
-13,62,-10
-18,64,-7
-21,62,-6
-23,61,-7
-23,57,-7
-26,55,-4
-29,55,-1
-33,54,1
-34,55,0
-31,57,-1
-32,59,-1
-33,57,3
-31,59,1
-29,66,-3
-29,67,-2
-29,72,5
-29,74,6
-25,64,6
-23,57,8
-22,55,8
-20,59,10
-19,59,10
-21,60,11
-23,58,12
-25,53,11
-26,51,11
-29,49,11
-29,50,11
-27,53,12
-26,55,10
-26,57,10
-26,55,9
-26,52,12
-25,51,11
-26,54,8
-26,60,8
-26,62,8
-24,65,8
-24,68,6
-23,81,15
-21,81,11
-23,81,12
-26,73,11
-30,51,5
-33,49,4
-35,66,1
-30,73,0
-22,79,-2
-19,77,-3
-16,75,-1
-16,69,-2
-16,68,-2
-17,67,-1
-16,61,-1
-15,55,-3
-16,55,0
-17,55,1
-15,54,0
-17,58,3
-18,60,2
-17,59,0
-19,61,-1
-18,75,1
-19,75,1
-23,67,8
-24,63,12
-19,50,11
-17,53,10
-18,65,6
-17,69,6
-19,71,8
-21,69,10
-23,62,9
-27,55,8
-30,52,11
-23,58,13
-20,60,10
-23,61,9
-26,61,12
-25,58,12
-24,59,11
-26,63,14
-26,62,12
-26,66,11
-26,67,11
-24,66,7
-24,70,6
-26,77,5
-26,77,5
-25,70,6
-22,55,3
-22,62,3
-20,74,3
-19,82,1
-17,82,-3
-15,78,-4
-14,71,-1
-15,67,-3
-14,62,-2
-17,60,-2
-17,56,1
-17,53,3
-16,49,4
-18,48,6
-21,51,5
-21,54,5
-21,56,5
-23,56,4
-25,56,8
-21,67,6
-19,73,5
-20,80,9
-22,79,10
-23,68,11
-24,60,13
-25,56,12
-27,61,12
-24,67,12
-23,68,13
-21,66,17
-20,61,17
-23,56,15
-24,55,15
-25,56,16
-23,56,17
-23,55,16
-24,54,18
-25,51,17
-26,49,15
-25,52,16
-21,56,18
-20,60,16
-21,65,12
-21,68,9
-23,79,6
-23,79,6
-24,76,6
-23,65,6
-25,53,5
-24,60,4
-24,70,5
-22,77,6
-15,81,5
-10,74,7
-12,68,7
-16,59,5
-17,56,3
-16,56,5
-14,56,7
-12,54,4
-13,54,3
-18,56,6
-18,59,5
-18,66,4
-19,68,5
-18,71,2
-17,82,0
-22,80,3
-22,73,7
-27,66,13
-25,60,14
-22,54,14
-20,61,13
-19,64,11
-18,69,9
-20,68,9
-21,63,14
-21,59,14
-20,53,15
-19,53,18
-17,53,18
-18,52,15
-22,53,15
-21,53,14
-22,52,13
-22,51,16
-21,48,11
-22,51,12
-23,56,10
-24,59,6
-26,65,5
-24,83,8
-24,84,6
-29,81,12
-30,73,20
-23,58,18
-24,64,18
-24,75,15
-22,79,13
-19,78,11
-18,75,10
-17,70,10
-18,68,9
-16,67,13
-15,65,12
-16,61,14
-17,58,15
-18,52,14
-20,45,14
-21,45,13
-20,53,10
-19,54,8
-21,59,7
-23,62,8
-16,72,1
-13,83,-3
-18,84,0
-19,76,3
-24,58,12
-23,50,12
-23,54,11
-22,59,14
-17,67,17
-15,66,15
-18,61,13
-23,57,19
-23,55,17
-19,56,10
-23,59,13
-22,61,14
-22,62,13
-25,63,19
-26,62,16
-26,56,18
-26,55,18
-27,55,18
-28,57,19
-25,63,21
-23,63,21
-22,68,17
-23,71,15
-22,75,9
-24,77,7
-29,63,4
-30,57,0
-30,65,0
-24,75,-3
-22,84,-2
-13,86,-1
-10,83,-2
-14,76,1
-16,73,4
-20,70,3
-20,69,3
-18,62,5
-17,59,6
-17,52,9
-17,48,10
-16,45,13
-16,47,12
-17,53,10
-18,54,10
-20,58,9
-16,73,8
-16,77,7
-17,71,10
-19,71,13
-18,61,16
-19,52,14
-22,53,14
-23,58,13
-21,67,11
-21,71,12
-20,72,16
-20,69,15
-23,66,14
-25,63,14
-25,59,15
-26,59,16
-25,57,14
-27,55,19
-27,53,19
-27,53,19
-27,56,20
-27,64,20
-26,65,20
-25,64,15
-24,67,13
-23,72,11
-23,71,7
-25,70,6
-27,63,7
-27,48,3
-28,55,0
-30,76,1
-28,87,0
-19,88,-4
-15,76,0
-17,70,2
-25,71,4
-23,71,4
-16,65,5
-14,61,7
-12,56,8
-14,54,9
-13,49,11
-12,50,11
-13,53,9
-14,56,10
-15,60,10
-13,67,7
-13,80,7
-15,78,8
-20,73,12
-20,68,15
-21,52,14
-21,55,12
-21,61,13
-21,71,11
-21,75,13
-22,71,17
-21,67,16
-23,60,15
-24,59,16
-23,58,15
-23,58,15
-25,57,17
-25,56,17
-27,51,20
-27,52,20
-30,57,21
-29,60,21
-25,64,19
-23,66,16
-25,75,10
-27,75,6
-28,73,6
-29,58,4
-28,51,2
-29,65,0
-31,71,-1
-27,87,0
-23,87,0
-12,81,2
-10,76,4
-14,70,5
-16,68,5
-13,65,3
-10,58,6
-10,55,6
-8,54,6
-10,51,8
-9,55,7
-8,58,7
-13,58,10
-13,58,11
-11,73,8
-13,79,10
-18,78,13
-20,75,13
-25,60,15
-26,57,17
-26,67,10
-25,74,10
-23,78,11
-21,74,11
-22,65,13
-22,61,13
-24,55,10
-24,54,9
-20,54,11
-23,52,14
-23,51,13
-24,46,11
-26,48,9
-32,58,12
-30,61,14
-25,65,12
-24,65,10
-25,77,6
-28,75,5
-28,71,6
-30,65,8
-28,60,7
-27,67,9
-19,81,9
-15,83,8
-12,71,11
-14,71,10
-16,67,10
-17,63,10
-14,62,10
-11,57,13
-11,53,11
-14,52,11
-15,52,11
-16,52,7
-16,54,7
-19,62,4
-20,62,2
-27,60,3
-29,61,4
-29,65,4
-25,69,3
-18,95,0
-20,82,5
-22,72,6
-26,56,11
-29,55,13
-26,53,12
-23,57,13
-18,62,16
-18,62,17
-23,57,23
-25,54,22
-28,50,18
-28,49,18
-25,51,17
-24,52,17
-24,55,15
-23,58,16
-23,56,13
-24,54,13
-23,53,14
-22,55,14
-22,55,14
-22,56,18
-21,56,19
-22,60,18
-22,63,16
-22,68,11
-22,71,9
-25,75,10
-23,76,8
-23,75,10
-24,69,12
-22,54,8
-22,57,8
-20,76,7
-18,78,4
-17,77,4
-14,74,5
-13,69,2
-16,65,6
-15,65,6
-13,64,7
-13,62,8
-13,56,6
-14,56,5
-15,53,4
-14,56,4
-14,60,2
-15,61,2
-16,70,2
-15,82,1
-17,82,6
-20,70,7
-24,61,18
-22,58,18
-17,58,15
-18,66,16
-18,67,15
-17,62,15
-18,58,15
-23,50,13
-23,50,13
-22,50,11
-20,50,11
-21,59,16
-21,61,14
-25,59,13
-27,58,14
-25,57,16
-24,60,14
-26,58,12
-26,58,12
-27,66,12
-27,66,12
-27,81,10
-26,82,6
-27,83,5
-27,67,4
-26,55,3
-23,57,4
-19,70,3
-16,78,-2
-17,73,-4
-18,64,-4
-16,67,-3
-16,76,0
-15,75,-3
-20,69,-5
-21,67,-3
-22,64,-5
-24,62,-1
-24,53,4
-26,47,6
-27,47,8
-29,49,10
-27,48,10
-23,49,9
-25,50,9
-24,53,9
-23,58,9
-17,74,5
-16,80,4
-20,73,7
-23,67,11
-24,49,9
-23,50,7
-24,63,8
-22,66,8
-22,72,9
-19,72,9
-21,68,9
-26,63,9
-28,59,9
-25,53,10
-24,55,13
-23,58,13
-23,56,14
-25,57,19
-26,57,20
-29,58,18
-30,60,17
-28,63,14
-26,62,12
-21,74,12
-22,78,9
-22,78,5
-23,76,4
-25,61,2
-27,62,-2
-28,70,0
-21,81,-3
-18,86,-3
-14,80,0
-11,73,-2
-15,68,-1
-17,67,2
-20,67,1
-19,63,2
-15,57,4
-16,54,6
-17,49,9
-17,47,10
-18,50,11
-17,50,10
-18,57,9
-19,57,8
-17,63,6
-18,79,8
-18,78,11
-18,67,12
-20,63,15
-20,52,17
-19,51,12
-22,63,9
-24,68,9
-21,75,10
-20,75,11
-23,68,12
-24,64,10
-26,60,12
-26,59,12
-23,59,15
-24,61,15
-26,58,18
-27,53,22
-27,52,22
-29,57,23
-29,58,23
-25,65,20
-24,67,19
-23,65,15
-23,68,13
-25,68,8
-25,70,7
-29,68,7
-29,59,7
-27,57,3
-27,66,1
-25,82,1
-23,88,-1
-15,86,-3
-12,81,3
-16,71,3
-20,66,5
-18,63,7
-13,54,7
-14,55,9
-14,51,12
-13,49,12
-13,47,14
-13,50,15
-13,58,13
-15,60,13
-19,59,15
-17,63,14
-14,78,11
-15,82,12
-18,79,12
-18,76,11
-22,64,15
-21,51,12
-23,57,10
-27,69,8
-27,73,7
-24,70,10
-23,68,12
-24,62,10
-27,61,11
-27,57,14
-25,55,15
-24,55,17
-25,55,19
-27,55,23
-28,53,25
-29,52,22
-29,53,19
-22,62,21
-17,62,14
-19,62,11
-22,71,6
-26,75,4
-28,82,9
-26,72,9
-21,54,7
-24,56,7
-25,74,8
-22,85,8
-12,86,7
-9,82,8
-7,74,9
-9,71,9
-14,64,7
-13,56,9
-11,53,11
-10,48,13
-8,46,13
-12,42,13
-14,44,13
-16,49,12
-17,56,11
-20,65,8
-24,68,7
-28,82,1
-25,93,-2
-28,89,2
-28,79,7
-25,59,8
-25,54,7
-29,62,9
-29,60,9
-26,61,11
-23,62,10
-21,59,11
-23,56,13
-23,55,12
-28,54,13
-30,55,12
-32,55,9
-32,53,9
-30,51,13
-28,50,13
-25,46,10
-25,49,8
-27,55,3
-28,58,2
-23,67,7
-22,77,6
-18,84,3
-21,84,3
-22,66,2
-22,59,3
-20,65,4
-17,71,3
-14,77,1
-11,71,-1
-15,65,-1
-22,61,0
-22,60,-1
-25,61,-1
-25,61,-1
-24,61,6
-22,58,5
-22,55,5
-24,53,4
-25,54,1
-26,58,1
-23,62,-3
-23,60,-3
-25,62,0
-22,81,-2
-23,89,0
-20,83,6
-18,74,9
-16,52,13
-17,49,10
-21,58,9
-18,62,8
-14,67,9
-12,63,11
-13,54,11
-16,51,9
-20,50,7
-22,52,9
-19,53,11
-18,54,12
-18,58,11
-20,60,12
-21,60,16
-19,55,11
-22,57,12
-28,59,13
-29,61,13
-29,67,12
-27,73,13
-26,79,11
-27,80,9
-30,77,8
-28,69,12
-25,52,7
-23,55,6
-29,71,4
-30,79,3
-25,84,4
-23,80,3
-20,70,5
-20,69,6
-19,66,6
-18,61,10
-17,57,10
-16,55,8
-16,54,9
-16,52,9
-15,56,8
-14,62,5
-15,62,5
-19,60,11
-16,61,8
-14,71,6
-15,67,6
-18,65,11
-21,63,17
-19,45,21
-17,42,18
-21,56,18
-20,71,17
-20,72,15
-21,71,18
-23,67,20
-25,58,18
-26,59,18
-23,59,15
-23,60,16
-23,58,16
-24,56,16
-28,51,19
-29,52,19
-32,58,19
-31,63,20
-27,67,18
-26,63,16
-31,74,13
-33,79,8
-34,83,7
-30,63,8
-28,52,4
-30,65,1
-29,73,-1
-23,94,-1
-17,95,-2
-9,84,-2
-10,79,-1
-17,79,3
-19,75,3
-16,65,7
-15,57,8
-14,49,11
-14,49,12
-11,47,15
-12,45,14
-15,51,12
-18,55,11
-19,56,12
-21,60,11
-18,66,8
-17,80,9
-19,81,13
-19,70,15
-19,60,17
-19,54,12
-21,62,12
-25,69,13
-23,72,15
-21,70,11
-23,66,12
-22,61,13
-23,60,11
-25,58,10
-28,60,11
-29,60,9
-30,60,16
-31,57,18
-30,54,18
-32,55,19
-31,61,19
-30,65,19
-27,68,15
-27,74,12
-28,85,10
-27,85,8
-27,73,7
-25,63,7
-24,50,2
-26,55,0
-27,71,1
-20,86,0
-15,85,-1
-11,77,2
-11,73,3
-16,70,4
-16,67,3
-14,62,3
-14,59,2
-12,53,6
-11,51,7
-11,47,8
-11,49,9
-10,58,8
-10,61,8
-11,63,9
-10,73,5
-14,83,9
-16,76,10
-21,69,14
-23,56,21
-20,53,21
-20,63,9
-20,70,7
-26,78,7
-25,79,15
-21,67,12
-21,63,10
-25,57,11
-25,57,10
-24,57,11
-23,56,14
-23,51,13
-24,50,13
-25,48,14
-24,51,16
-22,60,13
-24,64,12
-26,64,7
-28,80,10
-30,81,9
-25,76,13
-21,67,10
-25,73,9
-26,75,6
-22,80,4
-20,77,6
-11,74,5
-10,69,4
-15,64,9
-15,64,12
-10,57,7
-8,55,8
-11,51,9
-13,51,8
-14,50,5
-17,58,5
-17,60,4
-21,56,2
-24,56,3
-26,58,3
-23,65,0
-21,98,3
-22,97,3
-21,78,6
-22,67,8
-24,55,8
-26,58,6
-25,64,10
-21,66,11
-17,65,14
-17,64,17
-24,55,14
-25,51,13
-30,52,16
-27,54,13
-27,54,11
-27,57,8
-28,59,10
-24,55,10
-24,54,8
-26,56,7
-26,56,8
-23,55,9
-23,59,10
-22,63,10
-22,70,9
-23,81,7
-22,83,6
-22,86,6
-23,76,5
-23,49,4
-20,60,3
-21,66,2
-16,78,5
-13,75,2
-12,70,0
-17,69,-2
-20,69,-3
-20,67,-2
-16,64,6
-14,62,3
-19,61,3
-22,60,6
-23,57,5
-24,55,7
-25,52,5
-25,57,3
-26,59,3
-22,59,2
-22,60,2
-16,75,-1
-15,86,-2
-15,81,1
-16,75,4
-18,55,9
-19,47,8
-24,54,8
-23,56,10
-18,62,9
-16,64,10
-18,61,12
-20,59,14
-24,56,11
-26,54,12
-25,54,11
-24,56,9
-28,58,12
-26,58,13
-25,60,13
-28,61,15
-28,61,16
-27,61,14
-26,65,14
-25,69,13
-23,68,11
-25,76,9
-28,78,7
-29,75,7
-28,63,6
-23,64,2
-23,70,2
-19,82,1
-16,85,-1
-13,84,-1
-9,73,-1
-11,69,-2
-16,69,0
-19,68,0
-19,58,-2
-17,55,-2
-16,50,1
-18,49,3
-18,44,7
-16,45,8
-18,53,9
-18,56,11
-20,59,10
-19,63,8
-19,84,8
-21,85,11
-21,77,14
-21,70,18
-19,49,13
-22,61,9
-24,66,9
-20,69,9
-19,69,10
-21,67,11
-22,64,11
-25,59,14
-25,56,17
-24,55,13
-25,58,11
-29,61,12
-30,59,12
-28,56,16
-27,55,16
-27,54,16
-27,54,15
-28,62,13
-27,64,14
-24,67,10
-26,75,7
-24,77,6
-25,77,2
-25,76,2
-21,60,1
-20,55,-1
-24,67,0
-21,73,3
-12,86,-1
-8,81,-2
-12,75,-3
-13,72,-3
-17,70,-4
-17,67,-4
-15,61,2
-14,59,1
-13,56,2
-15,53,5
-15,51,5
-18,50,7
-19,51,8
-21,55,7
-24,58,7
-24,60,7
-24,60,5
-21,66,2
-20,75,5
-19,83,6
-21,72,7
-24,57,3
-26,62,8
-22,69,6
-21,71,6
-22,74,10
-18,63,10
-19,56,9
-25,53,8
-24,51,8
-23,53,8
-22,57,8
-26,62,10
-26,61,13
-23,57,11
-25,57,11
-28,61,11
-27,61,9
-23,66,6
-21,65,6
-20,65,4
-21,72,3
-25,77,4
-24,76,5
-22,65,5
-20,69,-2
-18,74,-4
-18,82,-5
-15,85,-2
-11,75,-2
-10,68,-2
-14,62,-1
-15,61,-1
-15,56,-1
-14,54,2
-14,54,3
-13,53,4
-16,49,6
-17,48,5
-20,52,6
-20,56,5
-19,60,3
-23,62,5
-25,63,6
-22,73,2
-21,82,2
-19,88,0
-21,85,3
-21,62,12
-22,48,9
-29,53,9
-31,59,10
-25,68,10
-23,70,12
-17,70,16
-17,66,16
-23,59,13
-25,55,12
-21,55,15
-19,56,15
-18,55,14
-22,51,12
-23,48,13
-23,49,13
-22,53,13
-22,59,12
-21,63,11
-19,69,8
-19,75,7
-20,83,6
-20,82,7
-21,66,7
-20,56,6
-21,64,6
-23,69,7
-15,80,6
-11,78,4
-11,64,0
-15,63,3
-17,63,2
-15,59,4
-14,58,6
-11,55,4
-13,54,4
-17,53,5
-18,51,4
-18,54,1
-18,61,2
-16,70,2
-16,70,2
-17,70,1
-16,76,-3
-18,90,-4
-19,84,0
-17,70,4
-16,65,4
-21,62,3
-21,59,5
-20,62,7
-16,67,8
-15,67,9
-19,60,12
-19,57,12
-17,54,12
-17,54,13
-18,56,14
-18,54,14
-20,52,14
-20,57,13
-21,62,15
-20,61,15
-19,55,11
-21,55,11
-21,55,12
-21,54,12
-20,54,19
-18,57,15
-20,64,12
-28,80,10
-31,87,9
-32,74,9
-32,66,6
-27,76,4
-23,80,3
-17,95,6
-10,96,5
-6,86,5
-10,81,5
-14,71,9
-14,66,8
-11,55,12
-10,48,13
-9,40,13
-8,41,11
-10,42,10
-9,44,5
-11,49,2
-17,64,1
-19,68,3
-17,74,-3
-14,83,-7
-19,105,-1
-20,89,3
-25,63,9
-25,55,6
-29,70,4
-29,72,6
-19,71,6
-16,68,6
-21,65,7
-21,60,5
-25,55,4
-27,52,8
-24,53,10
-23,57,12
-24,59,15
-25,56,17
-25,55,18
-26,62,20
-24,63,17
-20,69,13
-19,72,10
-18,80,8
-20,81,8
-24,76,10
-24,63,8
-22,50,2
-24,55,2
-25,68,0
-23,84,-5
-22,84,-5
-15,75,-4
-14,71,-4
-17,65,-1
-19,64,-1
-28,66,-2
-28,62,-3
-24,56,-2
-21,53,1
-17,45,2
-15,49,2
-17,58,1
-19,59,2
-21,57,4
-14,67,4
-13,70,4
-16,75,12
-17,77,16
-18,63,23
-18,53,24
-18,51,12
-20,61,9
-26,76,5
-27,81,7
-19,74,14
-16,67,15
-21,61,10
-23,57,12
-20,55,10
-20,55,10
-21,55,14
-22,55,15
-26,51,18
-28,54,21
-28,63,23
-24,72,17
-20,75,13
-25,79,10
-26,76,9
-30,69,9
-31,61,7
-29,61,1
-31,70,-1
-27,79,-3
-24,83,-4
-16,82,-4
-14,77,-3
-14,71,2
-16,68,2
-17,70,3
-15,68,4
-12,58,4
-12,57,6
-14,54,7
-10,51,9
-10,55,8
-11,58,9
-12,57,9
-15,58,11
-13,65,11
-11,74,10
-13,73,11
-18,74,14
-21,67,17
-22,54,14
-23,58,12
-26,70,14
-22,75,15
-21,74,14
-22,67,14
-22,58,14
-23,55,12
-23,55,11
-26,57,9
-27,58,10
-25,60,15
-26,60,16
-29,56,19
-28,54,18
-27,58,15
-26,61,12
-23,61,5
-22,63,5
-23,76,5
-23,80,7
-22,74,6
-21,70,6
-19,74,6
-16,80,4
-15,84,2
-8,80,1
-7,74,0
-13,66,4
-14,63,4
-14,61,4
-11,59,6
-8,55,5
-8,52,6
-13,52,7
-16,50,6
-21,54,6
-22,59,5
-24,65,6
-25,65,7
-21,72,2
-21,82,1
-24,83,4
-25,75,8
-26,66,8
-27,52,7
-26,50,7
-24,58,7
-20,61,7
-18,66,8
-19,68,8
-20,62,12
-21,58,11
-22,51,12
-22,52,14
-20,55,13
-21,57,12
-23,58,14
-23,56,14
-24,52,11
-26,48,12
-28,50,13
-27,56,13
-28,59,12
-29,62,8
-27,65,8
-26,76,8
-27,79,9
-26,80,14
-24,70,13
-23,71,8
-22,75,6
-20,82,5
-18,83,8
-12,75,4
-11,68,3
-16,60,9
-17,59,9
-15,55,11
-15,52,11
-16,50,10
-20,48,11
-21,47,10
-23,48,9
-23,51,8
-25,57,6
-24,60,5
-25,67,5
-25,66,4
-19,82,-3
-20,93,-1
-19,83,3
-20,73,4
-24,56,10
-22,52,9
-22,58,7
-16,66,10
-14,68,9
-16,64,12
-20,60,15
-20,52,15
-21,49,14
-24,51,16
-23,54,19
-20,55,15
-20,57,17
-21,57,20
-22,57,18
-25,55,16
-26,56,14
-23,60,14
-22,61,15
-20,64,15
-20,64,10
-23,69,10
-26,78,7
-25,82,6
-26,74,4
-26,63,3
-28,64,2
-27,70,1
-19,79,-2
-16,80,-1
-11,77,4
-12,73,3
-12,71,6
-15,69,4
-19,65,2
-18,63,-1
-24,58,1
-24,53,2
-24,45,6
-21,47,6
-22,49,6
-22,52,8
-20,55,8
-13,69,4
-15,76,4
-22,71,9
-26,69,14
-24,53,19
-18,49,13
-21,71,13
-20,72,14
-18,65,13
-19,62,15
-21,62,16
-22,64,14
-24,55,11
-23,52,12
-22,56,11
-23,62,9
-27,63,9
-26,57,12
-24,58,12
-28,64,12
-28,63,16
-26,60,14
-27,61,15
-28,64,15
-27,64,15
-24,70,18
-24,78,17
-25,84,13
-23,86,10
-23,64,4
-23,56,6
-22,68,3
-20,75,0
-20,86,-6
-18,84,-5
-16,78,-4
-15,71,-4
-15,68,-3
-19,66,-1
-19,63,-1
-20,59,1
-19,55,2
-18,49,4
-20,45,7
-23,40,10
-24,40,12
-23,44,14
-21,46,13
-18,53,13
-18,56,13
-14,70,8
-13,90,6
-18,88,7
-24,66,13
-24,58,12
-24,71,12
-26,74,12
-21,73,12
-19,71,11
-20,66,14
-19,63,16
-19,59,10
-19,58,8
-27,57,12
-24,58,12
-25,58,11
-27,59,15
-29,54,15
-32,59,17
-32,63,18
-25,66,15
-24,70,15
-22,71,11
-23,76,9
-27,79,8
-27,77,9
-26,62,10
-24,54,6
-27,64,0
-29,70,-2
-27,85,-3
-23,86,-3
-13,78,-1
-13,71,1
-19,68,4
-20,67,4
-17,63,5
-14,56,6
-14,55,7
-15,52,8
-14,48,8
-14,51,9
-13,54,8
-16,57,11
-16,57,11
-11,73,9
-11,77,9
-15,73,14
-17,72,16
-22,61,22
-22,54,22
-23,60,15
-23,71,17
-20,75,17
-20,72,16
-22,68,16
-22,62,17
-23,60,16
-24,57,16
-24,58,15
-27,58,16
-28,58,18
-29,56,22
-28,53,23
-29,51,19
-29,54,18
-26,58,17
-25,60,15
-23,63,11
-22,67,9
-24,75,8
-29,75,10
-29,67,11
-25,50,7
-24,54,4
-30,78,3
-25,85,3
-17,85,5
-10,82,7
-7,70,10
-10,66,11
-17,61,11
-17,60,11
-12,55,14
-11,52,15
-12,50,16
-12,48,17
-11,49,15
-11,54,14
-15,64,14
-15,63,11
-14,74,6
-19,91,5
-22,87,8
-25,78,12
-25,66,15
-23,54,9
-24,62,8
-23,67,6
-22,67,4
-21,68,9
-22,66,9
-21,58,10
-24,54,11
-25,49,14
-24,49,14
-24,52,11
-26,52,10
-29,49,11
-33,44,9
-35,50,8
-33,60,5
-33,61,3
-33,68,11
-29,77,11
-25,72,8
-28,72,8
-33,64,3
-33,66,2
-31,73,1
-25,77,0
-16,80,2
-14,77,4
-10,69,6
-10,65,4
-17,60,8
-19,58,9
-19,55,10
-22,52,8
-25,50,7
-30,46,8
-30,44,8
-30,48,5
-30,52,5
-30,55,2
-30,58,3
-25,69,2
-20,81,-2
-23,95,0
-23,83,2
-27,68,6
-27,58,9
-26,53,5
-26,56,7
-21,59,12
-15,60,12
-16,58,14
-19,54,14
-20,52,12
-22,50,12
-22,51,13
-22,54,14
-22,58,14
-23,60,16
-23,60,17
-24,55,20
-24,51,18
-27,56,18
-27,60,18
-24,66,18
-23,65,18
-24,61,13
-28,67,9
-30,72,9
-30,70,8
-30,69,6
-31,74,2
-31,75,2
-25,84,1
-22,87,3
-17,79,7
-17,73,9
-19,67,10
-18,64,9
-17,57,11
-16,54,12
-14,50,12
-15,48,12
-14,50,13
-14,54,11
-13,55,9
-18,55,12
-19,56,12
-13,68,6
-14,74,6
-18,79,9
-19,83,12
-22,66,20
-22,53,20
-22,50,13
-23,62,14
-21,75,13
-20,72,12
-21,64,19
-24,60,18
-26,57,17
-25,55,17
-24,56,16
-25,58,16
-26,59,18
-29,57,23
-30,54,26
-29,52,25
-30,56,24
-30,65,24
-28,69,25
-21,67,19
-21,73,17
-23,72,13
-22,72,10
-27,58,11
-26,49,8
-30,61,1
-35,68,-2
-37,87,-3
-27,78,-1
-22,72,2
-23,73,8
-24,73,9
-19,68,9
-17,64,12
-13,56,14
-13,53,15
-13,50,17
-13,48,16
-11,56,13
-11,57,12
-15,52,13
-13,56,11
-12,74,8
-15,73,10
-19,69,16
-22,65,22
-19,52,23
-18,64,15
-20,72,16
-21,81,13
-21,79,12
-20,69,15
-20,65,13
-22,61,13
-23,59,13
-22,55,9
-24,57,10
-26,60,12
-27,58,13
-28,55,16
-29,57,16
-34,64,18
-34,67,19
-32,64,19
-29,66,17
-31,73,13
-32,79,9
-34,75,11
-28,52,4
-29,57,0
-31,69,-5
-33,79,-6
-25,88,-3
-18,85,-3
-13,78,0
-13,79,3
-16,79,2
-16,76,4
-13,63,8
-11,58,10
-11,51,12
-11,46,15
-11,44,18
-10,45,18
-9,51,18
-13,57,16
-15,57,15
-15,63,14
-11,72,9
-16,87,9
-20,84,11
-22,66,14
-21,57,13
-24,59,17
-23,64,14
-24,78,8
-24,78,5
-26,72,8
-23,65,16
-20,57,11
-23,56,11
-24,54,10
-23,57,8
-24,60,11
-26,56,15
-28,51,15
-30,50,13
-31,55,11
-27,65,11
-22,68,11
-18,79,9
-21,83,9
-23,82,8
-22,79,9
-19,61,7
-18,59,5
-21,78,6
-19,80,3
-15,82,3
-10,79,7
-9,73,4
-10,61,5
-12,57,8
-11,54,5
-12,51,6
-14,49,6
-15,49,4
-17,50,5
-16,53,4
-17,66,2
-19,67,3
-18,60,4
-16,66,0
-19,77,-1
-20,73,0
-22,75,2
-23,74,3
-23,70,9
-20,60,5
-20,63,5
-21,68,8
-20,66,7
-20,65,9
-23,64,11
-23,58,10
-23,55,10
-22,52,13
-23,54,13
-24,57,12
-25,58,12
-27,57,11
-27,56,12
-27,53,12
-28,52,11
-28,53,11
-25,56,11
-24,58,10
-25,70,6
-25,80,6
-25,85,7
-24,82,6
-23,65,4
-22,56,3
-21,66,1
-18,72,2
-14,78,1
-14,77,0
-13,68,-2
-15,66,-1
-18,65,2
-18,63,2
-19,61,3
-22,57,6
-23,55,5
-26,53,7
-30,51,7
-30,51,3
-29,55,1
-26,62,0
-24,62,0
-25,64,1
-22,66,1
-15,80,-5
-18,85,-5
-26,77,2
-28,70,7
-25,53,8
-22,52,6
-26,61,9
-25,61,13
-21,64,9
-23,57,11
-24,52,10
-28,49,8
-28,48,8
-28,50,7
-28,53,11
-26,54,9
-27,56,12
-28,55,17
-26,53,16
-28,53,15
-27,55,15
-24,63,16
-23,67,15
-18,63,13
-18,65,10
-23,78,9
-24,78,7
-25,76,8
-25,58,3
-27,62,4
-26,72,6
-24,80,4
-18,87,2
-16,85,4
-11,72,7
-15,69,7
-17,67,6
-18,62,5
-17,52,6
-15,49,6
-14,47,8
-16,45,8
-16,51,7
-15,57,7
-16,62,6
-19,61,7
-18,66,3
-19,75,2
-20,70,5
-19,70,11
-18,60,14
-17,44,11
-16,49,10
-18,66,8
-19,78,8
-21,72,6
-21,73,6
-22,66,11
-25,65,10
-27,58,10
-24,57,13
-22,63,14
-22,66,12
-24,62,14
-25,59,15
-25,61,14
-27,64,15
-27,66,15
-26,66,15
-25,66,14
-23,68,17
-21,70,15
-23,79,13
-24,78,11
-24,78,8
-23,69,7
-24,58,4
-25,59,3
-23,67,0
-22,71,-3
-19,79,-7
-18,78,-6
-16,75,-5
-14,68,0
-15,65,0
-20,61,2
-23,57,1
-22,54,2
-20,52,3
-20,50,7
-21,47,9
-24,47,12
-25,47,13
-23,50,12
-22,51,11
-22,54,11
-23,57,12
-19,66,11
-14,74,8
-17,86,8
-21,76,17
-22,66,17
-19,50,12
-21,57,11
-26,64,11
-23,66,9
-20,70,13
-19,68,15
-20,62,7
-22,63,8
-28,59,9
-27,59,7
-32,62,8
-32,62,10
-30,57,13
-30,54,14
-33,56,14
-29,61,12
-27,64,11
-23,68,8
-22,71,5
-22,84,1
-21,87,0
-20,80,1
-17,71,-1
-16,60,-7
-15,70,-6
-10,80,-8
-10,78,-7
-14,69,-7
-10,69,-7
-12,64,-2
-15,63,-3
-16,59,-7
-15,55,-1
-16,56,-1
-22,53,2
-26,52,2
-28,50,5
-27,52,4
-27,59,3
-29,62,4
-29,62,6
-26,70,4
-25,86,1
-26,85,2
-29,69,12
-27,59,14
-19,49,10
-22,53,8
-25,62,10
-23,65,10
-20,64,11
-20,56,10
-22,53,9
-26,52,11
-26,52,9
-25,58,11
-26,59,12
-27,58,10
-31,57,10
-34,54,7
-34,51,6
-33,51,12
-31,50,12
-31,58,12
-30,62,11
-28,62,11
-26,65,11
-27,74,7
-28,76,6
-30,66,6
-29,54,7
-29,61,9
-20,75,5
-17,85,2
-12,75,0
-15,68,2
-19,63,10
-20,62,6
-17,61,3
-18,60,8
-14,59,9
-14,57,11
-18,54,17
-19,52,18
-22,52,21
-19,54,18
-20,62,12
-20,62,10
-23,61,7
-22,66,1
-22,73,-1
-20,90,-4
-20,83,-2
-21,60,2
-22,50,2
-23,54,2
-24,60,4
-20,67,5
-19,69,7
-18,67,13
-19,62,15
-24,52,16
-25,50,18
-20,54,14
-20,54,10
-29,54,19
-27,50,9
-27,49,6
-32,54,7
-33,60,10
-27,57,5
-29,64,1
-37,85,4
-39,79,4
-40,83,10
-34,81,16
-14,70,9
-18,72,9
-25,78,6
-21,81,4
-19,78,4
-19,75,4
-18,69,4
-21,69,3
-18,65,2
-18,59,5
-17,56,7
-18,52,10
-18,48,12
-16,45,12
-16,50,11
-18,54,9
-19,53,7
-20,53,7
-21,55,5
-19,70,-1
-21,79,-1
-21,83,1
-22,76,7
-23,57,11
-22,51,11
-22,63,7
-22,71,7
-21,69,9
-20,67,13
-22,63,12
-24,58,11
-25,57,12
-23,56,13
-23,61,17
-24,63,18
-25,61,19
-28,56,23
-29,53,23
-28,55,21
-27,60,20
-26,70,18
-24,64,14
-23,65,13
-26,71,10
-26,70,6
-32,77,5
-33,67,6
-28,58,0
-28,64,-1
-25,79,-1
-23,89,-2
-15,85,-2
-14,79,0
-18,71,5
-20,73,7
-19,67,7
-17,61,9
-18,52,15
-18,51,17
-16,47,19
-17,46,20
-16,52,19
-18,56,14
-20,55,14
-22,58,12
-20,58,10
-16,70,4
-16,78,6
-18,69,12
-19,58,14
-18,51,15
-17,57,11
-21,62,8
-22,67,10
-22,74,12
-20,71,14
-20,60,10
-23,61,10
-23,64,15
-22,64,8
-28,68,10
-29,68,15
-29,63,13
-31,58,20
-32,57,18
-33,63,17
-33,68,17
-26,70,16
-24,69,13
-26,77,11
-27,75,8
-28,75,5
-30,70,5
-29,56,-1
-29,61,-4
-25,76,0
-16,91,-3
-14,93,-1
-11,82,1
-13,75,2
-19,70,2
-19,69,1
-15,61,3
-14,57,4
-14,49,6
-14,48,8
-14,43,11
-13,44,9
-12,54,8
-15,56,10
-18,56,10
-19,60,9
-16,76,7
-16,76,8
-18,76,14
-20,63,18
-18,54,20
-16,59,10
-17,67,8
-22,76,10
-22,75,9
-23,67,9
-24,63,17
-20,62,13
-20,61,11
-23,62,12
-29,63,12
-27,63,12
-27,63,11
-26,56,19
-26,52,16
-30,60,15
-29,59,11
-26,62,8
-22,61,6
-21,66,5
-24,76,6
-25,81,7
-23,75,10
-20,66,9
-23,74,7
-21,79,5
-17,89,3
-12,83,2
-10,79,4
-8,73,4
-12,63,7
-14,60,6
-9,55,8
-9,52,7
-10,49,7
-14,49,8
-16,49,6
-19,56,4
-21,60,4
-25,64,6
-25,62,5
-23,75,2
-23,84,2
-28,82,5
-30,80,8
-31,67,12
-30,61,13
-28,54,14
-29,56,14
-24,62,13
-23,63,13
-23,59,17
-23,56,16
-24,51,15
-24,51,19
-23,50,18
-24,50,15
-25,52,15
-26,53,15
-25,51,13
-26,47,12
-27,47,13
-26,51,12
-25,53,11
-26,60,9
-26,59,7
-29,60,7
-25,64,5
-22,82,6
-23,84,7
-28,71,16
-22,72,13
-19,80,11
-15,78,6
-18,82,8
-17,65,5
-20,59,5
-24,60,7
-22,60,6
-24,59,7
-26,58,8
-35,56,3
-39,55,4
-38,49,4
-36,47,4
-33,51,3
-32,53,3
-25,58,3
-20,62,-1
-24,74,-2
-23,60,2
-21,60,1
-25,60,1
-25,62,5
-23,68,7
-18,72,6
-16,66,7
-19,63,8
-23,60,5
-26,58,3
-28,60,9
-28,60,5
-30,56,-2
-34,56,-4
-38,56,-1
-34,54,0
-30,54,3
-31,56,3
-33,58,2
-34,63,4
-33,68,7
-22,80,15
-15,81,12
-16,79,10
-23,76,8
-28,54,2
-31,54,0
-31,67,-2
-27,71,-4
-23,79,-5
-21,78,-6
-19,73,-4
-19,72,-3
-17,67,-3
-18,63,1
-16,60,0
-16,57,0
-18,54,1
-18,53,1
-17,56,0
-16,60,1
-18,61,1
-15,68,-1
-16,79,0
-19,70,4
-22,65,8
-30,55,19
-29,52,19
-19,58,14
-19,64,15
-19,67,14
-21,64,12
-26,61,15
-31,53,10
-32,50,9
-27,51,7
-26,55,7
-25,61,8
-27,60,8
-30,57,9
-31,57,9
-29,58,11
-28,59,12
-26,62,12
-25,64,12
-23,64,11
-23,63,8
-24,81,7
-25,85,5
-24,82,6
-24,65,4
-23,56,2
-21,57,2
-19,61,1
-16,66,-3
-18,67,-4
-22,64,-5
-22,63,-6
-22,65,-6
-23,67,-5
-22,68,-8
-23,68,-9
-25,66,-6
-25,65,-5
-26,61,-4
-26,57,-2
-26,52,-2
-26,53,0
-25,54,2
-22,58,2
-22,61,5
-21,65,13
-16,66,11
-10,82,7
-13,82,10
-17,64,15
-19,55,15
-18,44,10
-19,50,8
-22,62,8
-20,67,8
-18,67,2
-20,63,2
-28,62,10
-28,62,9
-27,59,12
-27,61,14
-25,61,13
-28,56,15
-29,52,15
-29,55,13
-29,61,12
-27,68,6
-25,70,6
-21,75,4
-21,81,5
-26,81,3
-29,80,3
-26,60,2
-24,58,0
-26,67,1
-24,72,1
-23,82,2
-16,70,3
-15,66,3
-19,63,6
-19,63,5
-19,57,5
-19,55,6
-19,56,6
-19,55,5
-18,53,5
-17,54,4
-16,62,2
-18,66,2
-21,63,6
-20,62,6
-15,72,4
-15,71,5
-18,66,10
-20,59,14
-15,49,17
-11,52,12
-20,59,12
-25,68,14
-24,73,14
-24,70,17
-24,67,17
-25,64,19
-25,64,17
-24,64,15
-25,64,16
-26,60,18
-28,59,21
-30,51,23
-30,48,21
-31,51,20
-32,55,18
-29,62,16
-27,64,13
-28,75,9
-32,81,4
-33,82,5
-29,60,4
-26,58,2
-28,71,1
-27,80,1
-23,93,1
-17,88,2
-10,79,4
-10,76,7
-14,72,8
-14,69,8
-12,59,11
-11,52,12
-12,48,14
-12,45,15
-10,43,15
-9,49,12
-12,55,12
-16,57,12
-15,65,7
-18,79,6
-20,80,7
-26,79,11
-27,72,17
-20,55,16
-18,55,9
-20,69,5
-21,74,4
-21,76,10
-21,73,8
-23,61,6
-24,57,8
-28,53,9
-24,55,10
-24,60,9
-26,60,13
-26,60,15
-28,55,18
-28,51,16
-31,58,11
-31,62,12
-24,63,11
-21,66,10
-25,76,11
-28,77,9
-29,73,13
-24,65,11
-25,70,8
-28,75,7
-24,90,7
-20,89,9
-8,80,6
-8,72,5
-13,72,9
-13,68,6
-11,64,6
-10,56,9
-9,52,9
-11,47,10
-12,47,12
-11,44,8
-15,47,6
-26,52,0
-29,54,-1
-28,63,-2
-25,72,-4
-27,86,0
-28,81,4
-26,69,8
-25,62,10
-24,59,10
-22,72,9
-20,75,9
-20,70,8
-22,67,11
-23,56,10
-22,53,8
-27,50,7
-26,51,8
-19,53,6
-18,54,6
-25,54,7
-25,54,10
-23,53,8
-23,52,7
-26,59,8
-27,62,10
-27,66,9
-26,71,9
-29,85,17
-23,81,15
-25,79,17
-30,59,15
-32,63,14
-34,74,10
-30,79,7
-23,82,6
-21,79,5
-18,71,5
-18,68,6
-17,65,6
-17,62,8
-15,57,9
-13,55,9
-12,56,11
-13,54,12
-14,55,9
-14,60,5
-14,59,3
-17,55,4
-17,59,4
-14,72,1
-14,74,2
-18,73,5
-20,71,9
-20,52,15
-19,44,11
-24,61,14
-24,67,15
-21,77,11
-21,78,13
-21,65,15
-22,60,15
-22,56,17
-20,56,15
-20,55,11
-23,59,15
-23,58,16
-24,54,20
-26,53,21
-30,57,21
-31,66,22
-28,70,19
-24,67,16
-28,74,15
-30,71,13
-34,70,7
-36,68,6
-32,66,-1
-32,71,-3
-30,78,-7
-26,84,-7
-19,91,-5
-15,83,-2
-16,78,2
-18,76,4
-17,73,5
-16,59,8
-15,53,10
-14,47,12
-14,47,14
-12,45,15
-11,50,14
-12,55,15
-15,54,15
-17,57,12
-15,67,9
-18,76,7
-19,73,10
-22,67,17
-22,56,19
-19,54,11
-20,68,11
-19,74,11
-20,76,8
-22,74,11
-23,61,11
-22,60,11
-25,61,12
-24,61,16
-22,61,11
-24,63,12
-29,65,14
-31,61,16
-35,54,18
-36,59,19
-37,64,22
-33,65,20
-28,67,14
-29,78,11
-29,76,7
-30,72,5
-31,62,4
-29,53,1
-30,61,-2
-29,81,-4
-28,90,-5
-21,92,-3
-15,87,-2
-13,77,4
-16,75,7
-17,71,7
-15,66,7
-13,56,10
-11,52,11
-11,47,15
-11,44,17
-13,44,17
-14,56,16
-15,60,16
-16,63,16
-15,68,15
-13,78,6
-16,78,7
-22,74,12
-23,61,14
-17,51,14
-17,57,11
-20,60,9
-23,65,9
-21,71,14
-19,68,13
-21,62,10
-24,63,13
-25,61,18
-24,63,13
-26,65,15
-29,63,14
-30,58,15
-31,52,16
-29,52,15
-31,58,14
-30,62,13
-26,66,10
-26,72,8
-30,81,8
-31,82,6
-31,74,10
-29,65,8
-25,64,2
-26,70,3
-23,87,5
-13,88,5
-10,84,7
-8,76,7
-11,72,7
-13,64,8
-11,60,8
-9,52,9
-9,49,10
-11,47,9
-13,47,10
-14,48,9
-14,53,8
-18,59,10
-19,57,10
-15,72,3
-16,84,3
-22,83,7
-26,76,13
-25,67,13
-21,55,11
-20,58,7
-19,70,6
-19,69,4
-21,69,6
-23,69,8
-23,59,7
-25,56,8
-23,54,13
-21,54,13
-20,59,11
-23,60,12
-24,55,13
-25,54,13
-24,51,16
-24,52,15
-26,61,15
-27,62,13
-25,66,16
-25,79,16
-26,78,15
-28,79,13
-29,74,13
-29,60,10
-28,64,11
-23,74,10
-21,82,10
-19,82,9
-17,78,8
-14,71,8
-15,69,10
-16,64,11
-16,61,13
-17,52,15
-18,50,16
-19,49,17
-19,46,15
-19,50,14
-19,57,8
-21,58,7
-23,59,3
-22,61,2
-20,62,5
-16,67,2
-14,84,1
-17,80,5
-21,53,12
-18,50,12
-18,61,10
-20,61,12
-21,67,8
-22,68,5
-22,66,12
-19,63,12
-18,62,7
-26,60,12
-27,61,14
-23,63,9
-25,64,11
-27,63,17
-27,60,18
-30,60,19
-30,61,17
-30,63,15
-29,62,15
-26,68,13
-25,75,12
-26,80,6
-28,79,8
-27,58,3
-30,65,2
-32,74,-3
-23,87,-3
-18,89,-3
-11,84,0
-10,79,1
-15,73,1
-17,72,1
-15,66,2
-13,60,3
-13,54,3
-13,52,4
-14,46,5
-13,46,5
-12,54,5
-13,56,6
-16,55,8
-14,64,7
-15,76,9
-17,71,11
-20,70,15
-22,63,24
-18,57,22
-17,58,9
-19,65,10
-19,79,12
-18,75,11
-20,66,17
-20,62,16
-20,60,10
-24,58,9
-25,56,14
-22,59,13
-23,63,13
-24,62,16
-25,56,16
-26,55,15
-29,59,13
-27,63,15
-25,67,18
-19,64,13
-21,69,10
-25,79,7
-26,81,4
-28,85,5
-27,72,4
-22,57,0
-22,63,-1
-19,76,-3
-17,83,-3
-13,77,-4
-11,75,-4
-10,70,-5
-10,69,-6
-13,64,-6
-14,61,-7
-14,62,-5
-14,59,-4
-15,56,-3
-19,51,0
-21,51,1
-31,50,8
-32,50,9
-31,49,7
-31,51,8
-32,54,10
-33,56,11
-33,55,7
-32,59,3
-29,71,6
-27,76,7
-22,70,8
-24,63,9
-25,50,10
-24,64,8
-24,66,6
-25,75,9
-23,76,11
-23,67,11
-25,60,10
-34,54,11
-32,51,10
-31,51,10
-29,52,8
-33,55,-1
-34,55,1
-34,53,13
-29,50,9
-29,55,7
-32,59,12
-29,65,11
-25,66,7
-28,71,4
-41,67,-7
-44,68,-6
-44,65,-2
-35,56,-3
-27,55,0
-29,58,4
-28,71,5
-24,72,3
-19,65,1
-18,62,4
-17,59,4
-18,56,2
-23,54,2
-25,53,3
-22,52,3
-24,51,4
-29,49,7
-32,48,5
-34,49,6
-36,56,4
-37,59,3
-39,56,3
-39,59,1
-37,70,3
-34,72,4
-32,74,9
-32,69,13
-26,51,13
-25,51,11
-26,65,9
-24,68,12
-20,69,12
-18,68,13
-19,55,13
-23,50,11
-28,50,11
-26,51,12
-24,51,13
-27,52,14
-28,51,15
-33,48,15
-33,47,15
-32,53,14
-31,53,13
-31,56,8
-31,57,5
-28,66,9
-28,73,8
-30,78,8
-33,77,10
-32,57,10
-31,55,7
-33,65,7
-27,78,9
-20,78,9
-12,67,9
-12,62,9
-18,60,9
-19,59,7
-15,58,7
-14,56,8
-16,55,8
-18,55,7
-20,51,7
-20,51,8
-20,59,7
-20,64,6
-23,64,8
-21,67,6
-21,83,4
-24,82,6
-25,75,10
-26,63,15
-25,57,15
-23,55,12
-23,60,13
-20,65,13
-19,67,14
-19,63,17
-19,59,18
-20,52,18
-20,51,18
-19,50,16
-20,51,16
-19,53,18
-20,54,17
-23,54,20
-24,53,19
-24,51,15
-24,54,20
-21,54,18
-19,56,16
-21,56,15
-21,52,9
-26,54,9
-26,60,8
-26,72,8
-28,86,10
-31,85,12
-30,68,9
-32,73,9
-27,81,9
-22,83,8
-12,82,10
-9,79,8
-12,75,11
-14,73,10
-12,65,11
-10,56,12
-9,49,12
-25,43,16
-28,44,19
-24,43,18
-25,43,16
-28,52,12
-28,59,12
-26,66,8
-27,66,9
-28,64,9
-28,63,8
-22,70,-1
-18,78,0
-16,80,3
-22,64,8
-24,51,11
-20,43,8
-21,50,7
-19,64,13
-16,69,11
-14,69,11
-17,67,13
-19,58,14
-20,55,12
-23,55,14
-20,58,18
-17,61,15
-20,61,13
-22,61,21
-22,58,18
-24,55,18
-25,57,18
-27,61,17
-27,64,18
-26,67,19
-25,66,15
-26,68,15
-26,68,11
-27,72,8
-30,75,13
-26,65,14
-24,59,5
-25,65,5
-27,77,1
-24,83,2
-17,85,0
-14,81,0
-15,71,3
-16,71,4
-18,70,5
-16,66,6
-16,54,7
-17,51,10
-17,48,11
-17,47,13
-16,52,14
-16,58,15
-14,56,14
-15,55,14
-16,58,9
-16,73,6
-16,74,8
-16,72,9
-19,69,10
-22,57,18
-20,51,13
-21,62,12
-22,69,14
-20,73,11
-20,71,10
-24,63,13
-24,59,12
-22,59,12
-24,57,14
-23,58,16
-23,59,17
-25,61,19
-26,59,26
-24,55,24
-27,59,22
-28,65,22
-24,65,17
-21,68,18
-18,69,13
-18,72,11
-20,77,8
-20,77,6
-25,67,7
-26,49,4
-25,51,2
-30,65,2
-29,73,3
-24,85,-1
-21,83,-1
-16,73,0
-17,70,1
-20,68,2
-20,67,3
-15,59,3
-14,58,3
-15,53,5
-15,49,5
-15,49,7
-14,53,8
-12,61,6
-16,63,8
-19,63,11
-14,74,9
-13,77,9
-16,75,15
-17,72,17
-18,52,19
-19,51,18
-20,60,12
-22,64,11
-19,67,14
-18,66,12
-19,62,10
-20,62,11
-22,63,12
-21,61,11
-22,63,13
-24,62,13
-26,58,14
-30,53,15
-30,50,14
-33,56,18
-28,59,19
-22,64,15
-22,67,14
-23,71,6
-26,77,5
-23,81,7
-21,80,6
-23,68,8
-23,57,7
-24,59,4
-24,70,6
-19,81,2
-16,82,2
-10,82,2
-9,67,-1
-11,62,0
-14,61,4
-12,60,3
-9,53,7
-10,53,8
-8,52,6
-11,52,7
-15,60,7
-13,63,4
-17,68,2
-18,70,3
-16,83,4
-15,86,4
-22,79,13
-22,74,16
-19,57,16
-20,54,15
-18,58,13
-18,63,9
-18,66,11
-21,64,13
-21,60,13
-22,54,13
-21,53,12
-23,55,14
-23,53,15
-23,51,14
-24,53,14
-25,52,19
-23,51,16
-23,52,13
-23,53,13
-23,57,10
-23,60,12
-20,62,10
-18,76,9
-19,89,11
-24,81,12
-26,68,13
-27,61,14
-25,69,17
-13,82,10
-11,82,8
-13,72,6
-16,68,6
-22,58,8
-21,56,11
-18,58,8
-19,59,10
-19,59,10
-21,57,10
-23,55,12
-23,54,11
-23,55,7
-23,57,6
-23,60,7
-23,62,6
-21,61,4
-23,66,1
-19,74,-2
-21,90,-4
-23,84,3
-21,66,7
-19,54,5
-19,50,0
-22,53,1
-25,59,9
-21,60,9
-16,67,9
-17,65,11
-24,60,11
-26,57,11
-26,57,11
-23,60,10
-25,60,11
-23,58,13
-22,58,12
-23,58,11
-24,57,11
-24,60,14
-23,60,15
-22,60,15
-23,63,16
-20,68,17
-20,73,14
-24,81,10
-25,86,10
-25,64,6
-24,52,3
-31,63,2
-28,72,2
-21,86,0
-18,81,2
-17,75,2
-20,66,1
-20,62,1
-19,60,2
-17,60,2
-14,61,2
-14,62,3
-13,66,4
-11,69,4
-5,74,2
-3,79,-1
-10,82,0
-16,72,4
-30,51,20
-29,40,26
-16,43,23
-10,64,23
-9,66,24
-13,60,20
-17,59,22
-24,55,23
-24,52,21
-25,49,13
-25,52,11
-25,55,15
-24,56,15
-25,56,15
-25,55,15
-26,56,11
-27,59,14
-28,61,17
-28,64,17
-30,67,18
-30,72,18
-31,76,16
-34,81,15
-34,77,14
-32,61,15
-29,54,16
-26,60,10
-26,65,8
-26,81,3
-24,83,2
-17,81,0
-15,77,-2
-18,76,0
-19,76,0
-17,71,1
-16,65,1
-14,61,2
-14,59,2
-13,51,3
-12,51,4
-12,52,5
-12,56,4
-14,59,5
-12,71,3
-13,75,5
-15,60,11
-17,59,16
-21,56,24
-17,54,23
-21,69,22
-22,75,20
-19,78,13
-20,77,13
-21,69,15
-20,64,10
-24,61,9
-20,55,15
-18,55,12
-24,59,11
-27,59,16
-24,55,15
-25,56,16
-30,62,18
-31,63,16
-30,67,12
-27,67,9
-23,75,9
-22,77,8
-24,77,6
-25,70,7
-26,62,2
-27,67,1
-28,77,-2
-24,85,-1
-16,91,-1
-10,83,2
-9,77,2
-14,70,4
-15,70,3
-13,63,2
-12,59,3
-10,54,5
-11,53,5
-11,51,6
-10,53,6
-10,59,6
-12,59,7
-13,61,7
-10,68,5
-13,71,8
-15,70,11
-20,68,16
-17,57,18
-20,61,15
-25,71,13
-25,77,14
-25,73,13
-25,67,15
-24,61,16
-25,60,15
-26,57,16
-25,57,15
-28,60,14
-30,62,18
-29,58,19
-29,57,21
-31,55,23
-31,59,23
-27,63,21
-24,65,18
-23,58,14
-24,63,10
-23,66,9
-29,74,6
-32,71,8
-29,62,6
-28,67,4
-29,81,2
-27,91,3
-18,88,3
-14,82,4
-12,73,7
-13,72,7
-16,66,8
-13,62,10
-12,56,11
-9,53,11
-9,47,14
-10,44,12
-11,46,11
-13,52,9
-15,52,10
-16,60,10
-15,71,7
-21,85,10
-26,81,12
-28,73,19
-24,65,18
-23,66,11
-26,71,12
-26,72,10
-24,71,12
-21,67,14
-21,62,12
-23,56,12
-22,53,14
-21,53,12
-23,56,14
-21,58,17
-20,55,16
-21,51,14
-24,47,11
-27,50,12
-24,59,10
-22,65,9
-17,67,10
-15,75,10
-20,81,5
-24,81,4
-31,71,9
-29,59,6
-30,66,4
-28,73,5
-18,82,2
-13,80,0
-13,78,-1
-16,71,1
-16,70,4
-15,65,5
-14,63,9
-15,56,9
-16,55,10
-20,48,12
-24,45,14
-23,41,9
-24,43,7
-28,49,3
-30,52,2
-30,58,1
-28,61,-2
-27,77,-12
-29,85,-15
-30,77,-8
-27,63,-3
-26,58,-2
-23,57,-2
-25,63,1
-24,70,2
-18,68,1
-14,66,4
-15,64,6
-20,58,4
-21,56,3
-21,57,3
-20,57,2
-22,56,3
-22,56,4
-21,58,6
-22,58,7
-22,57,13
-20,59,14
-21,63,13
-28,70,16
-27,71,15
-26,66,14
-28,70,15
-27,68,11
-28,70,10
-33,70,13
-31,66,11
-28,71,8
-26,78,7
-19,97,5
-16,100,3
-11,87,7
-12,79,8
-17,72,6
-18,70,6
-16,59,7
-16,48,12
-16,45,17
-15,43,30
-12,40,33
-2,44,22
-2,49,16
-12,55,10
-22,58,11
-28,66,4
-25,75,-4
-24,75,-8
-24,74,-5
-24,61,5
-24,49,9
-19,52,6
-18,59,5
-17,68,7
-17,73,5
-24,70,9
-23,61,17
-22,59,12
-25,63,26
-21,64,22
-24,67,14
-31,69,25
-32,67,29
-32,65,30
-31,61,29
-31,61,27
-30,66,24
-28,70,23
-22,68,16
-20,66,12
-24,72,10
-26,70,6
-34,71,4
-34,59,1
-32,62,1
-28,74,-4
-26,84,-4
-22,94,-4
-19,91,-3
-19,82,4
-21,77,5
-21,70,5
-18,66,6
-15,55,9
-15,51,10
-13,48,11
-11,48,11
-8,54,8
-7,55,7
-12,53,10
-11,61,7
-11,62,7
-15,59,10
-19,65,15
-23,69,26
-19,64,30
-9,60,23
-11,70,22
-17,84,22
-19,85,18
-24,74,18
-25,69,18
-25,66,18
-23,63,16
-22,60,12
-25,60,11
-29,61,12
-26,60,12
-29,58,16
-38,52,16
-40,56,19
-43,60,17
-39,63,17
-32,72,13
-31,76,12
-32,74,7
-32,69,7
-31,54,6
-32,60,4
-34,73,1
-31,78,1
-26,91,0
-20,89,1
-15,82,5
-14,78,7
-14,72,8
-12,68,11
-11,63,11
-11,53,11
-12,51,11
-10,52,10
-8,54,8
-9,56,9
-11,54,11
-9,59,11
-10,68,11
-11,67,14
-13,68,14
-22,67,22
-22,63,25
-17,67,15
-21,73,12
-22,84,16
-23,80,13
-23,73,14
-24,67,13
-25,64,12
-25,57,12
-24,56,11
-26,57,11
-27,58,12
-27,53,14
-27,50,14
-29,50,14
-30,56,14
-31,66,15
-29,66,14
-31,70,12
-32,70,13
-32,72,7
-34,75,9
-29,66,12
-24,68,12
-25,69,10
-23,86,8
-21,88,5
-14,85,5
-11,79,3
-13,72,10
-13,71,9
-8,63,12
-7,59,13
-3,50,14
-4,47,14
-11,43,12
-13,41,11
-14,44,10
-16,49,10
-18,55,8
-21,58,8
-25,69,8
-22,91,-2
-24,105,-2
-27,91,9
-26,78,11
-22,61,10
-22,66,8
-26,67,6
-27,68,8
-22,62,12
-21,62,13
-20,54,12
-20,51,10
-26,44,12
-25,49,16
-19,54,10
-19,56,8
-23,59,9
-22,58,9
-22,56,9
-22,51,5
-24,56,8
-19,63,9
-17,65,9
-16,71,6
-16,76,4
-23,81,5
-27,81,6
-27,68,9
-26,60,8
-28,65,6
-29,71,6
-22,81,4
-18,83,3
-13,79,4
-11,77,7
-14,71,6
-16,68,8
-16,64,8
-16,56,12
-16,53,14
-18,48,12
-17,45,11
-14,45,5
-13,50,2
-16,61,-1
-18,64,-1
-18,67,2
-16,73,2
-14,90,-1
-17,87,2
-24,83,12
-24,71,17
-17,49,18
-19,52,14
-19,61,12
-17,65,12
-16,65,15
-17,56,16
-18,51,14
-22,51,12
-26,52,14
-23,54,12
-23,58,13
-24,62,16
-26,62,15
-32,57,19
-28,56,24
-20,51,16
-22,55,22
-20,60,23
-19,64,23
-9,62,23
-13,60,17
-21,67,15
-28,84,14
-24,88,14
-27,81,16
-27,66,16
-25,62,7
-28,72,7
-24,90,7
-21,91,5
-13,80,4
-12,74,5
-15,68,3
-18,67,3
-17,57,4
-17,52,6
-18,46,8
-19,47,9
-20,46,12
-20,44,15
-19,47,15
-17,52,13
-18,52,13
-21,53,13
-20,56,11
-16,73,8
-17,82,8
-24,78,16
-26,71,18
-19,56,15
-19,58,13
-21,68,14
-21,72,13
-18,65,12
-18,63,15
-19,61,14
-22,58,11
-24,55,12
-23,63,11
-23,66,10
-25,67,16
-24,65,15
-25,61,13
-26,60,14
-24,62,14
-26,61,14
-27,63,15
-28,63,14
-26,64,13
-26,63,11
-29,85,11
-27,90,11
-17,92,8
-14,74,10
-13,58,6
-15,52,1
-19,57,1
-21,73,-2
-20,80,-2
-18,73,-6
-17,70,-6
-18,65,-6
-20,67,-2
-22,69,-1
-21,68,0
-19,68,3
-17,65,4
-19,56,7
-19,55,9
-20,50,11
-20,49,11
-19,51,12
-17,54,15
-16,53,15
-14,63,14
-13,70,13
-15,75,14
-17,74,16
-20,60,22
-19,51,22
-19,58,16
-20,64,16
-18,68,17
-17,68,16
-18,68,19
-18,64,16
-18,57,11
-21,58,10
-26,61,15
-25,60,10
-27,62,14
-30,60,22
-31,57,23
-33,59,27
-35,61,29
-31,63,26
-26,65,25
-24,65,18
-23,63,15
-23,58,9
-22,62,9
-22,78,3
-26,79,3
-30,64,2
-30,60,-2
-36,81,0
-28,97,-1
-12,98,-7
-5,88,6
-4,82,9
-12,74,11
-14,73,12
-14,63,13
-13,57,14
-9,47,19
-10,44,20
-14,39,27
-15,35,28
-14,34,27
-13,40,25
